event_id,user_id,event_time,event_type,page,utm_source,utm_medium,utm_campaign,cost
bdd640fb-0667-4ad1-9c80-317fa3b1799d,user_0001,2024-09-18T08:15:00,click,/,google,cpc,Brand-Awareness,1.27
23b8c1e9-3924-46de-beb1-3b9046685257,user_0001,2024-08-03T02:13:00,page_view,/pricing,google,cpc,Brand-Awareness,1.95
bd9c66b3-ad3c-4d6d-9a3d-1fa7bc8960a9,user_0002,2024-09-12T18:17:00,page_view,/pricing,,,Brand-Awareness,0.0
972a8469-1641-4f82-8b9d-2434e465e150,user_0002,2024-09-01T04:13:00,page_view,/,,,Retention,0.0
17fc695a-07a0-4a6e-8822-e8f36c031199,user_0002,2024-10-08T11:38:00,page_view,/checkout,google,cpc,Brand-Awareness,0.37
9a1de644-815e-46d1-bb8f-aa1837f8a88b,user_0002,2024-10-13T12:05:00,click,/signup,email,email,Brand-Awareness,0.0
b74d0fb1-32e7-4629-8fad-c1a606cb0fb3,user_0002,2024-08-19T01:42:00,page_view,/,google,cpc,Hire-Intl,2.6
6b65a6a4-8b81-48f6-b38a-088ca65ed389,user_0002,2024-09-08T08:29:00,page_view,/signup,email,email,Retention,0.0
47378190-96da-4dac-b2ff-5d2a386ecbe0,user_0002,2024-09-01T22:59:00,page_view,/pricing,email,email,Brand-Awareness,0.0
c241330b-01a9-471f-9e8a-774bcf36d58b,user_0003,2024-09-23T08:59:00,page_view,/signup,email,email,Hire-Intl,0.0
6c307511-b2b9-437a-a8df-6ec4ce4a2bbd,user_0003,2024-09-01T10:25:00,page_view,/signup,google,cpc,Hire-Intl,1.97
371ecd7b-27cd-4130-8722-9389571aa876,user_0003,2024-09-24T20:29:00,page_view,/signup,google,cpc,Brand-Awareness,1.75
1a2a73ed-562b-4f79-8374-59eef50bea63,user_0004,2024-09-07T04:32:00,click,/,linkedin,cpc,Hire-Intl,1.88
5be6128e-18c2-4797-a142-ea7d17be3111,user_0004,2024-10-13T21:27:00,page_view,/checkout,email,email,Brand-Awareness,0.0
43b7a3a6-9a8d-4a03-980d-7b71d8f56413,user_0004,2024-09-28T00:43:00,page_view,/signup,,,Brand-Awareness,0.0
759cde66-bacf-43d0-8b1f-9163ce9ff57f,user_0004,2024-09-11T13:10:00,conversion,/signup,linkedin,cpc,Brand-Awareness,2.29
ec1b8ca1-f91e-4d4c-9ff4-9b7889463e85,user_0004,2024-09-25T03:55:00,click,/pricing,email,email,Hire-Intl,0.0
4b0dbb41-8d52-48f1-942c-3fe860e7a113,user_0004,2024-09-03T17:49:00,click,/signup,,,Retention,0.0
e2acf72f-9e57-4f7a-a0ee-89aed453dd32,user_0004,2024-10-22T11:56:00,click,/pricing,,,Hire-Intl,0.0
3139d32c-93cd-49bf-9c94-1cf0dc98d2c1,user_0005,2024-09-21T15:52:00,click,/pricing,google,cpc,Hire-Intl,1.98
a9488d99-0bbb-4599-91ce-5dd2b45ed1f0,user_0005,2024-10-05T17:10:00,click,/checkout,google,cpc,Hire-Intl,2.79
fc377a4c-4a15-444d-85e7-ce8a3a578a8e,user_0006,2024-10-04T12:42:00,page_view,/checkout,email,email,Hire-Intl,0.0
ddd1dfb2-3b98-4ef8-9af6-1a26146d3f31,user_0006,2024-09-19T10:01:00,page_view,/pricing,email,email,Hire-Intl,0.0
7412b293-4729-4739-a14f-f3d719db3ad0,user_0006,2024-10-25T01:14:00,page_view,/signup,google,cpc,Hire-Intl,1.54
29a3b2e9-5d65-4441-9588-42dea2bc372f,user_0006,2024-10-02T21:31:00,page_view,/checkout,google,cpc,Hire-Intl,2.35
ab9099a4-35a2-40ae-9af3-05535ec42e08,user_0007,2024-08-19T03:42:00,page_view,/checkout,linkedin,cpc,Brand-Awareness,0.16
aefcfad8-efc8-4849-b3aa-7efe4458a885,user_0007,2024-09-23T20:06:00,click,/,google,cpc,Hire-Intl,0.57
a28defe3-9bf0-4273-9247-6f57a5e5a5ab,user_0007,2024-09-16T14:08:00,page_view,/pricing,linkedin,cpc,Hire-Intl,1.33
3eabedcb-baa8-4dd4-88bd-64072bcfbe01,user_0007,2024-10-07T17:06:00,conversion,/,google,cpc,Hire-Intl,2.78
451b4cf3-6123-4df7-b656-af7229d4beef,user_0007,2024-10-06T07:10:00,page_view,/checkout,linkedin,cpc,Hire-Intl,0.49
b02b61c4-a3d7-4628-ace6-6fa2fd5166e6,user_0007,2024-08-13T12:16:00,click,/signup,,,Retention,0.0
5304317f-af42-412f-b838-b3268e944239,user_0007,2024-09-28T17:42:00,page_view,/signup,,,Hire-Intl,0.0
0e51f30d-c6a7-4e39-84b0-32ccd7c524a5,user_0008,2024-10-07T01:03:00,page_view,/pricing,email,email,Hire-Intl,0.0
ce177b4e-0837-48a3-9261-a7ab3aa2e4f9,user_0009,2024-10-05T02:38:00,click,/checkout,google,cpc,Hire-Intl,2.82
10f1bc81-448a-4a9e-a6b2-bc5b50c187fc,user_0009,2024-10-30T07:37:00,page_view,/checkout,email,email,Brand-Awareness,0.0
9132b63e-f162-47e4-a9c3-49e03602f8ac,user_0010,2024-10-15T06:42:00,page_view,/checkout,,,Hire-Intl,0.0
366eb16f-508e-4ad7-b7c9-3acfe059a0ee,user_0010,2024-10-18T14:20:00,click,/,,,Retention,0.0
e27a984d-6548-41d0-bfcd-9eb1a7cad415,user_0010,2024-11-04T03:04:00,page_view,/pricing,email,email,Retention,0.0
24933b83-7577-40a9-a491-f0b2ea1fca65,user_0010,2024-11-24T07:23:00,page_view,/signup,google,cpc,Brand-Awareness,2.95
beb79919-3f22-4af8-a3be-d01d43cf2fde,user_0010,2024-11-19T20:33:00,click,/signup,google,cpc,Brand-Awareness,0.31
bf3c4c06-4343-48bc-89fa-6a688fb5d27b,user_0010,2024-11-24T04:16:00,page_view,/pricing,google,cpc,Retention,0.85
956269f0-e5d7-4875-adad-d6c795a76d79,user_0011,2024-10-06T06:43:00,page_view,/checkout,email,email,Retention,0.0
ff50bde4-3825-47b8-9cab-cc97663f1c97,user_0011,2024-11-08T01:05:00,click,/,email,email,Hire-Intl,0.0
7e570ddf-8270-40a8-a369-b584ff5e9ff0,user_0011,2024-09-23T20:16:00,page_view,/checkout,google,cpc,Brand-Awareness,0.03
dc713d96-0c0f-4195-817a-f08a1745d6d8,user_0011,2024-09-19T22:57:00,page_view,/signup,google,cpc,Brand-Awareness,1.66
28f49481-a0a0-4dc4-a720-9bdf1c11f735,user_0012,2024-08-11T09:23:00,click,/,,,Retention,0.0
98ae4334-6c12-4ce8-ae34-0454cac5b68c,user_0012,2024-08-24T21:06:00,page_view,/checkout,linkedin,cpc,Brand-Awareness,2.25
988c24c9-61b1-4d22-a280-1c4510435a10,user_0012,2024-10-07T07:55:00,click,/pricing,google,cpc,Retention,0.07
405cacec-8774-49a9-b7d2-1e02ff01cf99,user_0012,2024-09-25T10:50:00,click,/pricing,,,Retention,0.0
f143262f-dc5c-4eed-8da0-365bf89897b9,user_0012,2024-09-22T03:24:00,click,/pricing,,,Hire-Intl,0.0
1d53434b-b881-49b9-ae27-0da702f06b90,user_0012,2024-09-07T11:19:00,click,/pricing,,,Hire-Intl,0.0
c0398710-8976-4334-a281-7efdae849217,user_0012,2024-09-03T10:17:00,conversion,/signup,,,Retention,0.0
5715bd6f-a416-4293-84c2-e2e3444ea7c8,user_0013,2024-11-05T17:21:00,page_view,/signup,,,Hire-Intl,0.0
287d06ca-6f4c-469a-8b22-d3081c8eaee9,user_0013,2024-09-29T01:06:00,page_view,/signup,email,email,Retention,0.0
b8db0672-f42d-47cc-80d4-af5974273ca3,user_0013,2024-10-15T03:24:00,page_view,/,,,Brand-Awareness,0.0
f8cda88b-436d-46e2-b83c-fe0be037e5ed,user_0013,2024-10-16T17:43:00,click,/pricing,,,Retention,0.0
81f76d1c-2dbc-4134-830f-f46e8026695f,user_0013,2024-11-12T21:58:00,page_view,/,google,cpc,Brand-Awareness,2.7
a013ac6e-deda-4e16-9b3d-bd5ce9a1fa6f,user_0013,2024-10-15T09:42:00,page_view,/signup,linkedin,cpc,Brand-Awareness,0.38
81f631d4-a392-41a7-9777-a4774c66e0a8,user_0013,2024-10-09T21:24:00,click,/signup,email,email,Retention,0.0
5fb8d16c-2720-497d-b2eb-d6899be578c7,user_0014,2024-09-07T06:27:00,page_view,/signup,,,Retention,0.0
f4188f3f-8a14-4e62-a95b-4715c333e861,user_0015,2024-10-02T23:10:00,page_view,/signup,email,email,Hire-Intl,0.0
eb2263dd-87c5-421e-ac24-a3c5c754108f,user_0015,2024-10-20T07:43:00,click,/pricing,google,cpc,Hire-Intl,0.14
7d154385-52fb-443b-9954-6eb400257ad1,user_0015,2024-10-02T19:54:00,page_view,/pricing,,,Brand-Awareness,0.0
5cec4eb5-edd9-4831-9ca3-5cfb04fc6d82,user_0015,2024-10-03T12:15:00,page_view,/,google,cpc,Retention,0.66
ce88cb2d-d4e8-4839-bc3e-058be0f3eab0,user_0016,2024-09-08T07:58:00,page_view,/checkout,,,Brand-Awareness,0.0
3da9c2a9-0ed4-4f1a-bd4c-bf374eb93eff,user_0016,2024-09-08T19:20:00,click,/checkout,,,Brand-Awareness,0.0
14296c07-f26b-4776-913e-4de2e0c53cb8,user_0016,2024-08-14T23:55:00,page_view,/pricing,linkedin,cpc,Brand-Awareness,0.83
d0e6e660-7c69-4ee1-bb5e-4bcf15ed6269,user_0016,2024-09-22T16:31:00,page_view,/,email,email,Brand-Awareness,0.0
885f6e66-c2b6-42c5-ba5d-310011b7e948,user_0016,2024-08-21T10:20:00,page_view,/pricing,,,Hire-Intl,0.0
a8e56e0c-20de-435d-a031-d750c40db9b4,user_0016,2024-08-13T22:13:00,page_view,/checkout,google,cpc,Retention,0.19
2a45c2ab-8cbf-4db0-b264-accc79ac1b1e,user_0016,2024-09-26T13:24:00,page_view,/,,,Brand-Awareness,0.0
9b49bd26-df57-459a-8715-a10343dac043,user_0016,2024-08-04T11:19:00,click,/checkout,,,Brand-Awareness,0.0
edcd465e-3638-4821-b6e0-7cc06c52c49f,user_0017,2024-09-15T08:27:00,page_view,/checkout,linkedin,cpc,Brand-Awareness,0.5
b09b2a5c-badc-432a-8159-0f538a0f4efb,user_0017,2024-09-30T04:39:00,click,/,email,email,Hire-Intl,0.0
66245bfa-4fcc-439a-b683-d2e6337ea2df,user_0017,2024-09-09T14:11:00,page_view,/pricing,google,cpc,Retention,0.98
5f987c71-a65e-488e-abf3-ad39fec21bbe,user_0017,2024-10-19T12:17:00,click,/signup,,,Hire-Intl,0.0
7394988f-847f-49b4-a64d-1bcb702753a1,user_0018,2024-10-22T07:41:00,conversion,/,google,cpc,Hire-Intl,2.85
1064005c-3985-43cf-bf76-be1d1efa2197,user_0019,2024-09-24T19:09:00,page_view,/,google,cpc,Brand-Awareness,2.84
8dcdcd03-969b-4662-8562-8059568cc69b,user_0019,2024-10-22T22:16:00,page_view,/,,,Hire-Intl,0.0
01d74256-3860-4ab6-96a4-02f23ae8cc93,user_0019,2024-09-29T18:01:00,page_view,/checkout,,,Retention,0.0
0f1259e0-a18f-46b6-b535-106e122c9a56,user_0019,2024-10-05T02:37:00,page_view,/,email,email,Brand-Awareness,0.0
080aadfb-e7c9-4b26-9141-25c63a9bedd4,user_0020,2024-10-26T01:22:00,page_view,/,email,email,Brand-Awareness,0.0
839fbc50-1223-4513-9496-f63cdc1110c1,user_0020,2024-09-20T13:52:00,page_view,/signup,linkedin,cpc,Brand-Awareness,2.67
7c441fe7-ab42-40a7-874a-493b3ceddf2d,user_0021,2024-09-24T13:11:00,conversion,/signup,,,Brand-Awareness,0.0
b92da22b-21df-406f-8a0b-3c3336d8393a,user_0021,2024-10-19T15:29:00,click,/signup,linkedin,cpc,Retention,2.56
93829b43-922f-415a-a1e3-db63ef7ddc76,user_0021,2024-11-07T02:17:00,page_view,/checkout,,,Brand-Awareness,0.0
7914c120-c8dc-419f-be35-11287900f7f9,user_0021,2024-10-09T10:01:00,page_view,/checkout,linkedin,cpc,Hire-Intl,1.06
1825bc54-30be-445f-a835-14f2ceb81f9d,user_0021,2024-10-01T10:17:00,click,/signup,,,Brand-Awareness,0.0
5ab33edf-6e59-4ed3-a8b3-17fa18d0752b,user_0021,2024-11-14T06:05:00,page_view,/pricing,google,cpc,Brand-Awareness,1.43
dd2467ac-778e-4db3-a93d-ffbc6c6fa611,user_0021,2024-10-30T15:28:00,page_view,/pricing,,,Retention,0.0
a748dbcf-ac61-4e63-8dde-29a6baa4b71a,user_0021,2024-10-04T21:37:00,page_view,/signup,linkedin,cpc,Retention,2.99
0f844fef-1931-49ee-a56c-0941fbf24050,user_0022,2024-10-06T14:17:00,page_view,/pricing,google,cpc,Retention,0.36
ccf3a171-56dc-4907-ba6c-34ab6712303a,user_0022,2024-09-26T22:11:00,click,/signup,google,cpc,Brand-Awareness,1.77
310c0c00-3fa7-4104-9bf9-0e27dc96925e,user_0022,2024-10-10T16:38:00,page_view,/pricing,google,cpc,Retention,0.68
23e2fcb4-72d8-467d-894a-05e430b187ef,user_0022,2024-09-03T09:00:00,page_view,/,,,Hire-Intl,0.0
766ecb15-474e-4c19-aef9-12766c006f61,user_0022,2024-10-06T04:40:00,page_view,/,,,Brand-Awareness,0.0
134c6c92-ec5b-427c-9fde-4fbf3ff350bf,user_0022,2024-09-22T14:21:00,page_view,/checkout,google,cpc,Hire-Intl,2.47
db20a56e-dc81-4fe7-8eda-8bbb71710434,user_0023,2024-09-05T18:40:00,page_view,/signup,email,email,Hire-Intl,0.0
a6f2f7b8-0cf3-4b58-9910-8be58ce21ea3,user_0023,2024-09-08T17:48:00,page_view,/pricing,linkedin,cpc,Brand-Awareness,1.14
03c72ba8-d605-4770-8a63-f881ffd0f9d5,user_0023,2024-10-29T14:19:00,conversion,/signup,,,Brand-Awareness,0.0
c0e9ab30-ed26-42e9-97e0-11b7f8102383,user_0023,2024-10-10T23:06:00,page_view,/pricing,,,Retention,0.0
680ac07a-2a93-4d62-bc83-5dc0d9441fa5,user_0023,2024-09-11T07:11:00,page_view,/checkout,email,email,Retention,0.0
dd59ba71-36b8-4481-bb3a-4e3e7c52fa17,user_0023,2024-10-01T09:02:00,click,/checkout,google,cpc,Hire-Intl,2.06
2a25a888-0f02-4ad0-a706-7ef466aa9385,user_0023,2024-10-30T08:50:00,page_view,/pricing,,,Retention,0.0
63f2ae24-fc3d-4348-808d-4127610461e3,user_0024,2024-09-20T08:52:00,page_view,/signup,google,cpc,Brand-Awareness,2.25
c8fe3ccd-c8b8-49c6-ad30-49cf43e458fc,user_0024,2024-10-17T09:28:00,page_view,/checkout,google,cpc,Retention,1.5
b253d218-6c4a-47ea-8906-17f2747b6dba,user_0024,2024-10-12T14:05:00,click,/signup,email,email,Brand-Awareness,0.0
c88a618e-fed4-457d-bb02-6576f512c4c3,user_0024,2024-09-16T07:43:00,page_view,/,,,Brand-Awareness,0.0
7c967f79-b7e9-4aca-a970-65e18e46d534,user_0025,2024-11-05T05:30:00,page_view,/signup,email,email,Hire-Intl,0.0
37bb3eec-4bf5-4b52-b09d-258c27a0c3d7,user_0026,2024-11-01T15:05:00,page_view,/signup,linkedin,cpc,Brand-Awareness,0.31
bc594585-9445-48c0-8ef8-c2d6f7fd5646,user_0026,2024-09-20T10:26:00,page_view,/checkout,email,email,Brand-Awareness,0.0
504867ba-bf7b-439b-8f9a-ea4b8acd4e10,user_0026,2024-09-15T10:16:00,conversion,/checkout,google,cpc,Brand-Awareness,2.47
7a0ecfea-958c-49ba-8cd6-20c20ea2622b,user_0026,2024-09-10T21:55:00,page_view,/pricing,email,email,Brand-Awareness,0.0
87f7e1fb-da4b-49ca-ab5c-f46780bacd64,user_0026,2024-10-28T15:40:00,page_view,/signup,linkedin,cpc,Brand-Awareness,0.39
82010c62-f5f5-4b22-8e8f-a8e0284d82e5,user_0026,2024-09-28T14:56:00,page_view,/pricing,email,email,Brand-Awareness,0.0
118a9d29-2f92-4996-99f1-95d014822f53,user_0026,2024-10-15T00:35:00,page_view,/,linkedin,cpc,Retention,2.84
dca02eec-acda-4acc-9165-e21098543881,user_0027,2024-10-30T22:18:00,page_view,/checkout,email,email,Retention,0.0
f10c718b-1eb0-438a-a75d-d5af3c365296,user_0027,2024-10-06T04:24:00,page_view,/pricing,google,cpc,Hire-Intl,0.83
94340a03-3f07-4814-91d6-3f78e3e9de99,user_0027,2024-10-21T13:21:00,page_view,/,,,Retention,0.0
14fcdd54-9e8f-4965-8a2c-827e98326856,user_0028,2024-10-04T14:34:00,page_view,/checkout,linkedin,cpc,Retention,2.8
90b2b633-956b-4c0c-a849-9b926b5252e3,user_0028,2024-11-19T06:44:00,page_view,/checkout,google,cpc,Hire-Intl,0.95
42c18a62-ef48-48d5-90fd-9d3f85d51695,user_0028,2024-10-25T22:58:00,page_view,/pricing,,,Retention,0.0
506e5a9a-b758-488d-ab73-295b344a54b8,user_0028,2024-10-03T16:37:00,page_view,/checkout,google,cpc,Hire-Intl,1.58
21813d25-6552-48a6-83ff-50113d1a85dd,user_0028,2024-10-24T00:46:00,click,/pricing,google,cpc,Hire-Intl,1.41
750cab75-4ccc-4bc2-a53f-8a28abf3e3fc,user_0028,2024-10-11T10:39:00,page_view,/signup,email,email,Brand-Awareness,0.0
ef8c485b-c07a-40f2-add4-253b50f0fd0a,user_0028,2024-10-19T10:40:00,click,/,,,Brand-Awareness,0.0
9f044aed-7552-4327-8262-7f7312922f83,user_0028,2024-11-04T21:58:00,page_view,/,google,cpc,Retention,2.94
19985f15-ff00-4d4d-9020-59e4ff9ab5c2,user_0029,2024-09-08T22:19:00,page_view,/,,,Retention,0.0
8181a8cc-3691-47eb-89a2-688b12c136e0,user_0029,2024-09-25T04:15:00,page_view,/pricing,email,email,Hire-Intl,0.0
5958a499-eeea-463e-a1e8-ac6843e42caf,user_0030,2024-10-22T07:31:00,page_view,/checkout,,,Brand-Awareness,0.0
3e896c64-e117-4ac3-919c-4ea3e1805081,user_0030,2024-09-25T21:00:00,page_view,/signup,,,Brand-Awareness,0.0
702cdd20-2862-48b8-88f4-ef125e9953d2,user_0030,2024-09-13T14:22:00,page_view,/checkout,,,Brand-Awareness,0.0
4d71c366-b41b-4143-8b10-550cd5704f32,user_0030,2024-11-02T09:12:00,click,/,,,Hire-Intl,0.0
ce9e1a11-fcbb-4e59-bbdd-cf7c9c96e9ec,user_0030,2024-10-01T18:18:00,page_view,/checkout,,,Retention,0.0
aaf91531-0200-41f0-8768-a84fa76afde6,user_0030,2024-11-03T21:49:00,page_view,/checkout,,,Retention,0.0
ee87905e-4ca4-45ea-8dfa-6a56d12dbc9a,user_0030,2024-09-23T19:51:00,page_view,/signup,linkedin,cpc,Brand-Awareness,2.27
e0ccedc5-f05d-476e-9a84-a51aa9d3d7c7,user_0031,2024-09-16T20:41:00,click,/,google,cpc,Brand-Awareness,1.09
e3c43657-1d8c-4bac-83b4-09ef2260e70f,user_0031,2024-09-18T02:58:00,click,/pricing,google,cpc,Hire-Intl,0.4
27cb6f2a-8da0-4097-be0f-051b1b66b5a9,user_0031,2024-10-14T11:33:00,page_view,/pricing,email,email,Retention,0.0
35ebd32d-9ad6-40ab-8821-2ddb45b89cd9,user_0032,2024-10-09T23:55:00,page_view,/,google,cpc,Hire-Intl,2.26
afffcfd2-341e-440b-97c7-00aab7b56ea7,user_0032,2024-10-05T21:46:00,page_view,/signup,email,email,Hire-Intl,0.0
81627cf1-4394-42e6-9a58-7e8aa25d6b29,user_0032,2024-09-21T08:34:00,page_view,/signup,google,cpc,Brand-Awareness,1.14
e87d1c78-e7c4-41c7-8049-7b717d106c60,user_0032,2024-10-31T11:06:00,page_view,/signup,email,email,Brand-Awareness,0.0
a2607723-17a0-4f49-8d01-280fd89a40c0,user_0032,2024-09-25T20:52:00,click,/checkout,linkedin,cpc,Hire-Intl,0.42
0b49452d-46d4-43f3-9450-281c6c6f7633,user_0032,2024-11-20T01:19:00,page_view,/pricing,,,Brand-Awareness,0.0
217d65a0-c568-41cd-9563-f61600e85ece,user_0032,2024-10-20T11:42:00,page_view,/checkout,,,Brand-Awareness,0.0
295d6fbf-430f-401d-bad4-09e2a319dcb4,user_0032,2024-09-30T13:41:00,page_view,/checkout,google,cpc,Retention,0.1
b4a69f3c-8d3a-4d99-b11c-21c9bdc14f1f,user_0033,2024-09-11T14:15:00,page_view,/signup,,,Brand-Awareness,0.0
1ca3c448-0279-46a6-8f97-97b06d7ce3c9,user_0033,2024-09-24T11:03:00,page_view,/,linkedin,cpc,Retention,0.28
b0e6a969-e213-42b0-b1ee-dba313432e61,user_0033,2024-08-27T20:40:00,page_view,/signup,email,email,Hire-Intl,0.0
093923de-8bab-4e3b-a628-6bfbe767dcea,user_0033,2024-10-03T18:13:00,click,/pricing,google,cpc,Brand-Awareness,0.65
8d7248e2-951f-48d0-9e84-f058d5a804eb,user_0033,2024-10-08T07:21:00,click,/,,,Retention,0.0
0ab54bde-20a0-4502-ae06-809725e97977,user_0033,2024-08-23T04:34:00,page_view,/,google,cpc,Hire-Intl,0.04
eededb07-e623-4689-9d59-cd2a4eea04e7,user_0034,2024-09-27T00:11:00,page_view,/checkout,google,cpc,Brand-Awareness,0.34
0a368ce7-dc57-4131-b8e1-daa7cbceabde,user_0034,2024-09-11T15:28:00,page_view,/,,,Retention,0.0
ae9bec36-35c7-436c-9b99-62c6e61fecc0,user_0034,2024-11-06T19:02:00,click,/signup,,,Retention,0.0
5a8aaeca-1a50-4ec3-aabc-25fa3fe12e47,user_0034,2024-09-08T01:30:00,page_view,/,,,Retention,0.0
dfed2c43-e256-46dc-8f54-86b7c7b5b2bc,user_0035,2024-10-01T02:20:00,page_view,/signup,email,email,Brand-Awareness,0.0
bfddc3d9-9ee3-4c2a-b94d-62046808593f,user_0035,2024-09-09T22:20:00,page_view,/signup,linkedin,cpc,Retention,1.52
3c9ad14c-ee0c-4eb5-acfe-db992790cebd,user_0035,2024-09-01T03:50:00,click,/pricing,,,Retention,0.0
ccc56569-f9e8-4369-a999-b735dd56cc94,user_0035,2024-08-19T13:21:00,page_view,/,,,Retention,0.0
698c206f-e1a4-4e10-ad53-4dd0cf8ebc5a,user_0035,2024-09-16T08:23:00,page_view,/checkout,,,Hire-Intl,0.0
ecab3301-bc8f-4d29-adea-94930658663a,user_0035,2024-08-10T02:27:00,click,/pricing,google,cpc,Brand-Awareness,0.18
696608aa-ee49-4329-884a-7b28550a1b46,user_0035,2024-09-09T17:21:00,page_view,/checkout,email,email,Brand-Awareness,0.0
bc2cbb0d-dd33-4cc7-ab7f-089acd5f4822,user_0035,2024-08-23T19:19:00,page_view,/pricing,linkedin,cpc,Hire-Intl,1.97
28c13091-444d-410b-bf87-e362cf8d446a,user_0036,2024-09-30T11:54:00,page_view,/signup,email,email,Brand-Awareness,0.0
61ee411a-1bac-47a7-b386-f7a4c991603f,user_0036,2024-10-21T17:49:00,page_view,/,,,Brand-Awareness,0.0
787f2425-dbcc-4477-89e9-db0adf465290,user_0036,2024-11-16T22:17:00,page_view,/signup,google,cpc,Retention,1.05
eb1fa9f2-d10b-41d0-b317-347038f16a81,user_0036,2024-10-05T04:36:00,page_view,/,email,email,Hire-Intl,0.0
d20eac17-4e20-4d1a-9983-36e375d66ed4,user_0037,2024-09-20T14:21:00,page_view,/signup,google,cpc,Brand-Awareness,1.79
39118497-3a43-42ba-9f0f-06cbcb9bc326,user_0037,2024-10-20T01:09:00,page_view,/,google,cpc,Retention,1.33
6601ddd0-3170-4437-a8f7-ef5a060edf5b,user_0037,2024-09-21T15:38:00,page_view,/,linkedin,cpc,Retention,1.29
11c58ef0-dd46-4c09-8752-87aa5408f9ac,user_0037,2024-09-12T21:43:00,page_view,/signup,email,email,Hire-Intl,0.0
59e4b671-4774-4c58-85f8-bc16f7860b50,user_0038,2024-08-14T09:13:00,click,/signup,,,Retention,0.0
adf4e62d-6651-429e-8268-690ba43825b5,user_0039,2024-10-14T05:08:00,click,/signup,linkedin,cpc,Hire-Intl,1.19
54c63cd8-8945-4f27-97fa-2d8dfb2ca025,user_0039,2024-11-03T01:27:00,click,/signup,google,cpc,Brand-Awareness,1.29
e08596db-1d87-4966-8710-d430f071d879,user_0039,2024-10-12T22:40:00,page_view,/,linkedin,cpc,Retention,0.52
94a1875d-2db6-4edb-82de-ffccf86c2ca2,user_0039,2024-11-16T19:29:00,click,/,,,Retention,0.0
09cb3942-43f5-4a85-bbc9-f87af668a617,user_0039,2024-10-02T13:37:00,page_view,/signup,linkedin,cpc,Brand-Awareness,1.02
587ef344-6f3f-420c-98b8-e4cc1bc044fc,user_0039,2024-10-08T05:04:00,page_view,/pricing,email,email,Retention,0.0
6fb78271-504d-481f-8953-5b63ba81edd9,user_0039,2024-11-08T20:52:00,page_view,/signup,google,cpc,Hire-Intl,0.52
1d9af659-82ec-4f2d-bbf6-e16f9b3080d5,user_0039,2024-09-26T20:04:00,click,/checkout,google,cpc,Retention,2.26
30a900ad-939b-462d-a645-f129629c2ae3,user_0040,2024-11-11T18:41:00,page_view,/signup,email,email,Hire-Intl,0.0
6fa17735-b572-43d0-8b5c-ea6a41357e8c,user_0040,2024-10-13T14:40:00,page_view,/,google,cpc,Retention,1.52
ce777f00-ecf2-4e76-8519-7ff4006ed6e3,user_0040,2024-10-02T14:28:00,page_view,/signup,google,cpc,Hire-Intl,1.93
f0b5156b-b82c-4074-afd5-dea589d7fd6c,user_0040,2024-11-06T02:39:00,page_view,/,email,email,Retention,0.0
3270e4fa-abae-4f43-bcae-8081bdf070aa,user_0040,2024-10-19T20:12:00,page_view,/pricing,google,cpc,Hire-Intl,1.35
f2e9702d-11e9-4daa-ae69-81a35d3d9e56,user_0040,2024-11-03T10:45:00,page_view,/,google,cpc,Hire-Intl,2.12
9f871ce7-5487-4d4f-abb7-a385aa0b7b14,user_0040,2024-10-11T16:33:00,page_view,/signup,email,email,Retention,0.0
1fe771d6-d917-4793-a9d3-c2e6505cc686,user_0040,2024-10-04T21:38:00,page_view,/signup,google,cpc,Hire-Intl,0.99
81d2c7de-4ce1-4b90-a669-7833b841d0a0,user_0041,2024-09-04T23:54:00,click,/pricing,email,email,Retention,0.0
5380b904-688c-4015-aab9-7e494f2d4796,user_0041,2024-09-30T04:58:00,conversion,/checkout,google,cpc,Hire-Intl,1.79
8dedf9fb-4bb0-4f20-b27c-40266703b636,user_0041,2024-10-18T02:19:00,page_view,/signup,email,email,Hire-Intl,0.0
aa38d0a1-6ba2-4efe-b11c-6eb62095eef6,user_0041,2024-10-11T23:43:00,page_view,/checkout,,,Brand-Awareness,0.0
bf85bf0e-ad64-456c-a10f-aa3ff0bbac67,user_0041,2024-09-11T09:11:00,page_view,/checkout,,,Hire-Intl,0.0
91b0e1d9-9d92-42af-ac8d-0e44e71e43a6,user_0041,2024-08-27T04:04:00,click,/,google,cpc,Brand-Awareness,1.01
d56f0350-8c45-4ce2-a7f4-8ad54d0b0d1a,user_0041,2024-10-07T19:08:00,page_view,/pricing,email,email,Brand-Awareness,0.0
35ce8841-4973-4d6c-8dca-bfb7001a9a8b,user_0042,2024-10-14T01:26:00,click,/checkout,linkedin,cpc,Brand-Awareness,0.85
9b4e2c24-9479-41e6-8927-7d9b6e0d2648,user_0042,2024-11-02T14:14:00,page_view,/checkout,email,email,Hire-Intl,0.0
7118e364-7709-4749-927e-ecfaa79ac9aa,user_0042,2024-11-15T18:28:00,page_view,/checkout,linkedin,cpc,Brand-Awareness,1.58
82dc4c8e-36b5-429a-acf5-e81e71316269,user_0043,2024-10-04T19:08:00,page_view,/checkout,,,Retention,0.0
f5b78cc7-e6b3-4944-8b32-3e357922bac2,user_0043,2024-09-28T22:54:00,page_view,/,email,email,Hire-Intl,0.0
a8aa7158-2b70-4525-bc67-f831cbc84759,user_0043,2024-11-18T16:09:00,page_view,/pricing,,,Retention,0.0
a9f25336-83f4-49a9-88a6-39d015b52908,user_0044,2024-08-30T12:32:00,page_view,/,linkedin,cpc,Retention,0.67
17e8392a-55ce-45db-9e87-e04ca2086977,user_0045,2024-10-05T22:41:00,page_view,/,google,cpc,Retention,2.75
3c20592f-c04a-46c4-b3b6-3fe1d1843324,user_0045,2024-10-29T22:53:00,click,/checkout,google,cpc,Brand-Awareness,0.02
ce7ae7f6-3982-4cff-8f77-a665ac3c5640,user_0045,2024-10-04T00:16:00,page_view,/checkout,google,cpc,Hire-Intl,2.33
0bd4a990-0640-4e0f-a5b8-fd4b32fa2de8,user_0045,2024-10-14T09:07:00,page_view,/checkout,google,cpc,Hire-Intl,0.33
9c7c7377-79a2-4903-bbe3-3b243eae0032,user_0045,2024-11-25T15:38:00,page_view,/pricing,email,email,Brand-Awareness,0.0
74962764-12a4-4ef0-84bb-b7a9d98868dd,user_0045,2024-10-26T00:39:00,page_view,/pricing,linkedin,cpc,Brand-Awareness,2.0
935f2b0a-a138-4ddc-a2d9-de5d6a18ce4c,user_0046,2024-09-07T17:32:00,page_view,/,,,Retention,0.0
624c69b6-b244-45a7-b7e5-848131c681ec,user_0046,2024-08-07T20:24:00,page_view,/,,,Retention,0.0
25c73c44-3e75-43b4-a64f-a6637e8f8095,user_0046,2024-08-27T07:46:00,page_view,/signup,email,email,Hire-Intl,0.0
e4855aa1-016b-4287-b008-05cca7f36ae9,user_0046,2024-09-08T10:52:00,click,/checkout,email,email,Brand-Awareness,0.0
e2add909-c521-4f2d-9c45-d539c03f3538,user_0046,2024-08-16T04:04:00,click,/,,,Retention,0.0
3805f907-6cd6-4193-8746-8f591b494e15,user_0046,2024-09-24T06:56:00,click,/checkout,google,cpc,Brand-Awareness,1.42
b227462c-f53d-4330-8dda-24ba2d06e8cf,user_0047,2024-10-29T06:18:00,click,/signup,linkedin,cpc,Retention,0.37
8eb22579-0cdb-4ca4-b6ec-bdd68498e113,user_0048,2024-10-23T12:47:00,conversion,/signup,linkedin,cpc,Hire-Intl,1.49
1f115b76-d92c-4227-aadf-50853fcb7546,user_0048,2024-09-28T11:59:00,page_view,/,,,Brand-Awareness,0.0
76f2dbfe-cd29-436f-a222-82e174daaebf,user_0048,2024-09-24T19:52:00,page_view,/,google,cpc,Hire-Intl,0.98
8f15ba58-fce6-4504-87f8-424daae65fc1,user_0048,2024-09-15T09:28:00,page_view,/checkout,email,email,Retention,0.0
c1581092-f335-4ba3-913a-7052986f9025,user_0048,2024-10-13T11:39:00,page_view,/,,,Hire-Intl,0.0
d0a44432-9cd6-4852-b14c-7df4e4347d51,user_0048,2024-09-22T11:32:00,page_view,/,,,Hire-Intl,0.0
6d3ee1dc-8139-4443-a45b-712eb8225688,user_0049,2024-08-11T02:15:00,page_view,/checkout,,,Brand-Awareness,0.0
722764e6-8c41-461b-a827-a1b9d4a02e53,user_0049,2024-08-12T21:28:00,page_view,/,,,Brand-Awareness,0.0
dc8aee30-be60-43f7-a8be-9288e5af6e39,user_0049,2024-08-26T12:20:00,page_view,/,email,email,Hire-Intl,0.0
c074718e-425a-409f-b337-c59979844388,user_0049,2024-09-03T16:24:00,page_view,/signup,,,Brand-Awareness,0.0
46fde062-a33d-47af-9701-410d3f4b1a70,user_0049,2024-09-11T09:44:00,page_view,/,,,Hire-Intl,0.0
7c0e8cd8-8573-4793-8715-b2b9c40c5d91,user_0049,2024-08-31T05:57:00,conversion,/signup,,,Brand-Awareness,0.0
709b7d97-464c-44af-bd3f-3799a07295e9,user_0049,2024-08-07T17:34:00,page_view,/pricing,google,cpc,Brand-Awareness,2.13
3c07c574-4925-4af1-b6aa-e05b13d5f2f7,user_0049,2024-09-16T20:11:00,page_view,/,,,Hire-Intl,0.0
e49d681d-51d8-4c64-95fa-1ab8458f1f19,user_0050,2024-10-21T00:23:00,page_view,/pricing,email,email,Brand-Awareness,0.0
269cd696-236c-4b87-94a0-bccb8a476a87,user_0050,2024-09-24T09:25:00,click,/checkout,,,Retention,0.0
271e3ee2-b1a6-41f1-a20e-99d33b33f3d8,user_0050,2024-09-24T04:20:00,page_view,/signup,email,email,Hire-Intl,0.0
6a34c854-1071-4d51-b6c5-9dacb4d7e28e,user_0050,2024-11-08T17:40:00,click,/pricing,email,email,Retention,0.0
7746d0ba-8ae8-405b-94b4-a48268586eba,user_0051,2024-09-30T16:09:00,page_view,/pricing,google,cpc,Retention,2.84
d5385b0e-34f3-493c-8ff0-a55c6a702e2f,user_0052,2024-09-29T08:12:00,page_view,/pricing,email,email,Brand-Awareness,0.0
c51155ff-e7a3-4e81-a3b4-c08b6b8e869f,user_0052,2024-10-28T02:32:00,page_view,/pricing,email,email,Hire-Intl,0.0
05000bc6-b20d-4b6e-b231-1f1795863a76,user_0052,2024-11-09T19:21:00,page_view,/,,,Hire-Intl,0.0
9360715f-c3fe-4183-a172-b725db52ca58,user_0052,2024-11-04T18:16:00,click,/checkout,email,email,Brand-Awareness,0.0
f1578470-0182-47c4-ba1b-58066160a6b4,user_0052,2024-10-25T20:34:00,conversion,/checkout,google,cpc,Hire-Intl,2.41
63d62a39-c0e3-4efd-8c71-e0fe5a0cdd7c,user_0053,2024-09-18T02:44:00,page_view,/checkout,google,cpc,Retention,0.61
d5f25073-f414-42b1-a442-9ebbda7b9095,user_0053,2024-09-27T04:20:00,page_view,/signup,,,Retention,0.0
bc10fa52-bf5d-4fdf-89c8-d2ab6b44fa8d,user_0053,2024-09-12T16:35:00,page_view,/,google,cpc,Retention,1.35
e5d6f6e6-9a6e-42f5-8cc4-29038bcf53a1,user_0053,2024-08-29T03:03:00,page_view,/checkout,google,cpc,Hire-Intl,2.89
45df16b6-382c-443f-bcfc-9b793875394c,user_0053,2024-10-16T05:52:00,page_view,/signup,google,cpc,Hire-Intl,2.29
638c254c-076e-4bba-bc53-08bf6f92f25e,user_0053,2024-09-20T16:29:00,page_view,/,linkedin,cpc,Hire-Intl,2.84
cc530e36-addc-4e13-ab3b-4d37560c95ee,user_0053,2024-09-21T14:15:00,page_view,/,google,cpc,Retention,1.48
d72b6108-2a40-4f12-b963-f37f67814c1f,user_0054,2024-09-22T00:54:00,page_view,/signup,google,cpc,Brand-Awareness,1.1
fb10987f-20ac-4703-ab67-146a77a6e17c,user_0054,2024-09-13T11:02:00,page_view,/pricing,linkedin,cpc,Retention,1.66
e82c7d7b-06e7-45f9-88bc-539c9f4c3b79,user_0054,2024-08-23T12:32:00,page_view,/,linkedin,cpc,Hire-Intl,2.93
a9ba5a27-907b-4e36-9786-48f864de82e6,user_0054,2024-09-13T11:50:00,page_view,/signup,,,Hire-Intl,0.0
6db99102-a48b-4dbe-957d-94a106f028ff,user_0054,2024-09-20T12:32:00,page_view,/signup,google,cpc,Retention,1.56
2e85cb21-7631-4e9d-9de9-f86322bd3388,user_0054,2024-08-28T19:57:00,page_view,/signup,email,email,Hire-Intl,0.0
53cd6268-610c-4373-8299-9aa40cdf742b,user_0054,2024-09-27T23:53:00,page_view,/checkout,google,cpc,Brand-Awareness,1.69
56666f9f-53ac-4ab9-b467-2cd9362f5e5c,user_0054,2024-09-18T00:23:00,page_view,/checkout,google,cpc,Brand-Awareness,0.92
473bd358-610e-4a64-a130-1617c2dff335,user_0055,2024-10-08T08:41:00,click,/pricing,,,Brand-Awareness,0.0
6bebac31-d4f8-4d72-b382-1cfdc083b73a,user_0056,2024-09-13T20:46:00,click,/pricing,email,email,Brand-Awareness,0.0
78660765-14f7-4e8d-95bc-b8d04094dded,user_0056,2024-09-16T22:07:00,page_view,/checkout,google,cpc,Hire-Intl,1.24
0d557b61-8a17-4dfe-bfc0-0dc804f64d86,user_0056,2024-08-24T13:32:00,click,/,,,Brand-Awareness,0.0
39669fa7-5997-4043-b3b1-025bfff9f585,user_0056,2024-08-24T17:20:00,page_view,/checkout,,,Retention,0.0
f510ab53-c7fe-439f-9190-f938a66fd7f7,user_0056,2024-09-09T17:21:00,page_view,/signup,email,email,Brand-Awareness,0.0
07f194f9-c115-4d6d-8a4e-5b70a6d964a3,user_0056,2024-08-26T08:35:00,click,/signup,google,cpc,Retention,2.11
d6d7b3b8-3309-4d35-bf4d-f561f319c125,user_0056,2024-09-24T22:31:00,page_view,/signup,google,cpc,Retention,0.37
3d114802-2702-478b-9f0f-da8d05379ff6,user_0056,2024-09-23T17:24:00,page_view,/signup,,,Hire-Intl,0.0
1d48a071-ab61-47b1-b93b-4c3220500494,user_0057,2024-09-20T11:59:00,page_view,/checkout,linkedin,cpc,Hire-Intl,0.61
770c7798-37cc-463b-b2a0-345990604f62,user_0057,2024-10-19T08:59:00,page_view,/,email,email,Brand-Awareness,0.0
5e6fea07-c453-4f1d-8199-2fdfb31022f0,user_0057,2024-09-30T07:03:00,page_view,/pricing,email,email,Hire-Intl,0.0
f6b751f7-9b74-4245-9b1b-c8952af43ab7,user_0057,2024-10-06T22:30:00,click,/,google,cpc,Brand-Awareness,2.93
c71d5e60-1d52-46ab-b7e6-427cbf780e3f,user_0057,2024-09-25T13:41:00,click,/checkout,,,Brand-Awareness,0.0
4fa03f26-f6f7-40cc-a9ec-8e49d1bdb8c0,user_0058,2024-09-08T20:03:00,page_view,/pricing,,,Brand-Awareness,0.0
edcb8cb6-0692-4c63-9424-aed51bac5c15,user_0058,2024-10-14T01:58:00,page_view,/pricing,,,Hire-Intl,0.0
e87466d7-ad66-41bd-9367-6a024fdc6e1b,user_0058,2024-09-15T15:11:00,conversion,/signup,,,Hire-Intl,0.0
f1043785-658b-4523-a014-1de9f54ad0a2,user_0058,2024-09-26T19:06:00,page_view,/checkout,,,Brand-Awareness,0.0
9793b9b4-1374-4146-b2c5-bd89b70b3420,user_0058,2024-09-21T04:54:00,page_view,/,email,email,Retention,0.0
3e2b6091-a092-452a-94a0-57a7b0cc1b3b,user_0059,2024-09-27T22:11:00,page_view,/signup,google,cpc,Brand-Awareness,2.02
4d3485c5-c5c1-4eb4-b27b-3d901a16342c,user_0059,2024-09-23T05:39:00,click,/checkout,,,Brand-Awareness,0.0
ce3714af-99b4-4350-af2b-99b4d9acd158,user_0059,2024-10-06T21:06:00,page_view,/signup,google,cpc,Hire-Intl,0.02
90e0f4a0-fbdd-4933-8bd5-8bf61efd76e9,user_0059,2024-10-05T07:28:00,conversion,/signup,,,Brand-Awareness,0.0
8861fe18-58e2-4888-8a83-81bec85aca46,user_0059,2024-09-11T08:41:00,page_view,/,linkedin,cpc,Retention,0.92
11a72609-5edd-4bbf-a959-76636daa2e68,user_0059,2024-10-06T21:32:00,click,/signup,,,Brand-Awareness,0.0
033d2bce-575a-4d2c-a5c5-650c8186a576,user_0059,2024-11-08T09:23:00,page_view,/pricing,email,email,Retention,0.0
7d7ddbed-d284-476c-ab88-f83dd97dc9cd,user_0059,2024-10-28T19:23:00,page_view,/checkout,linkedin,cpc,Brand-Awareness,2.41
5cb85aed-f5f6-4c97-aefb-63b11b049863,user_0060,2024-10-03T21:48:00,click,/checkout,email,email,Brand-Awareness,0.0
75b17a55-d426-4982-a43e-4288a2b5b498,user_0060,2024-09-22T18:07:00,page_view,/pricing,google,cpc,Brand-Awareness,1.61
2d174fc9-6f7c-45ea-a72a-6d8eb5122df8,user_0060,2024-09-28T10:54:00,page_view,/pricing,email,email,Brand-Awareness,0.0
a6846099-f729-4951-8591-31d2bbda0242,user_0060,2024-09-23T16:28:00,page_view,/checkout,,,Retention,0.0
eb6c1016-cee6-44d0-9dac-6e8345241ea6,user_0061,2024-11-03T09:46:00,page_view,/,google,cpc,Brand-Awareness,0.65
7701f7bb-7bc6-4e1f-864e-e6e389c5b31a,user_0061,2024-09-17T01:27:00,page_view,/,google,cpc,Hire-Intl,2.96
97ac6aa8-bb24-48a3-9363-57b66f81cf4f,user_0061,2024-10-13T01:18:00,click,/checkout,linkedin,cpc,Retention,2.98
3ed8c56c-da09-4fa0-9282-8d8044b591f7,user_0061,2024-10-07T14:55:00,page_view,/,,,Brand-Awareness,0.0
4767d76c-162f-4a24-af43-613cd4aac9a3,user_0061,2024-11-07T17:08:00,page_view,/pricing,email,email,Brand-Awareness,0.0
c01f36bf-3e6d-458b-b367-c28de1b294de,user_0061,2024-09-21T23:14:00,click,/signup,,,Retention,0.0
ab0e664e-9c3e-42d5-91e1-aa9676f72255,user_0061,2024-10-17T13:34:00,page_view,/checkout,linkedin,cpc,Retention,0.47
7e8adee7-0758-4201-961e-16d16105716b,user_0061,2024-09-25T23:48:00,click,/checkout,google,cpc,Brand-Awareness,2.3
7cd0129d-2e8d-4e87-9334-20e6d9d80b8d,user_0062,2024-08-29T02:06:00,page_view,/,email,email,Hire-Intl,0.0
4223623b-cc3e-4dde-9ad5-cf06364d7c87,user_0063,2024-09-12T17:13:00,click,/pricing,,,Brand-Awareness,0.0
989d9d4a-e15c-4666-8797-b2c957207246,user_0063,2024-09-12T23:36:00,page_view,/signup,google,cpc,Hire-Intl,0.91
8e485223-46b9-4991-a14e-b70db380c73a,user_0063,2024-09-07T21:33:00,page_view,/,google,cpc,Brand-Awareness,2.85
30e912f2-f2b4-4abf-8441-aefd0299436a,user_0063,2024-10-24T23:58:00,page_view,/checkout,google,cpc,Hire-Intl,2.92
680bac63-b856-4035-bdc9-829015eabb27,user_0063,2024-10-28T20:42:00,page_view,/checkout,linkedin,cpc,Retention,0.45
3d85de89-c217-4429-8e20-07247d137018,user_0063,2024-09-22T05:48:00,page_view,/pricing,email,email,Retention,0.0
b63b4dc3-a559-4463-b9e1-3ceab0cbc61f,user_0063,2024-09-07T14:58:00,page_view,/checkout,google,cpc,Brand-Awareness,1.59
046a0df5-cafd-4613-b2bb-912d7da67785,user_0064,2024-09-01T06:21:00,click,/signup,email,email,Hire-Intl,0.0
6786d506-38ba-4abc-8b53-05e517d2582e,user_0064,2024-10-08T06:03:00,page_view,/,google,cpc,Hire-Intl,0.56
a9f948b2-4e63-44bb-be49-3f43b118f68d,user_0064,2024-10-03T18:46:00,page_view,/pricing,email,email,Retention,0.0
8db06746-7927-4973-9e78-1fd794e0d3ba,user_0064,2024-10-13T00:13:00,conversion,/,,,Brand-Awareness,0.0
ff233d5f-6ced-415d-9800-7c0287ea7ff5,user_0064,2024-09-15T07:44:00,page_view,/pricing,email,email,Brand-Awareness,0.0
5a104129-54ae-4d1b-8ce6-424dbef59fe6,user_0064,2024-09-03T12:29:00,page_view,/signup,email,email,Retention,0.0
4e7ed827-455a-4762-b428-a656b3ee4d3b,user_0064,2024-09-16T14:06:00,click,/signup,,,Hire-Intl,0.0
b8a6171f-1ee3-4dc4-bb04-8a8b405bfdc9,user_0065,2024-09-08T07:47:00,page_view,/checkout,google,cpc,Retention,0.46
be2d740a-1e9b-43bc-90c7-c006314d3441,user_0065,2024-08-24T07:24:00,page_view,/signup,email,email,Retention,0.0
b0ae8f08-c31e-4bbc-b36c-b62b892e6161,user_0065,2024-09-03T23:41:00,page_view,/signup,,,Hire-Intl,0.0
bd1531c8-3764-4bda-b108-d4482f65fafa,user_0065,2024-09-06T15:11:00,page_view,/,,,Brand-Awareness,0.0
96ef2ad6-b97e-4703-86c8-adfe7bf47042,user_0065,2024-09-26T02:52:00,click,/checkout,email,email,Hire-Intl,0.0
98c7472a-864e-4a13-829c-fc0cfa02eaec,user_0065,2024-08-17T02:45:00,page_view,/checkout,google,cpc,Retention,0.18
d52721e7-19bc-443e-bb02-bebb48729a4d,user_0065,2024-09-12T21:59:00,page_view,/checkout,email,email,Hire-Intl,0.0
5c62b3a2-3a3c-463e-8bd6-cee631b1b099,user_0066,2024-08-02T16:46:00,conversion,/,google,cpc,Brand-Awareness,2.44
b540b30e-039f-4a25-8d61-68bd2defe193,user_0066,2024-09-13T13:51:00,page_view,/,,,Brand-Awareness,0.0
0ba6eab9-4639-447b-a067-bdac88bd13d1,user_0066,2024-08-13T19:33:00,page_view,/checkout,google,cpc,Hire-Intl,1.12
4ac9778d-8da8-4ee4-8df5-6ac6f96b648a,user_0066,2024-08-26T14:36:00,page_view,/signup,google,cpc,Brand-Awareness,2.48
a34b6cf6-2053-4a42-b1af-db65b289f224,user_0066,2024-08-06T20:54:00,page_view,/checkout,email,email,Retention,0.0
1a432f0a-7daa-49f0-80b6-fce2de53790a,user_0066,2024-08-31T01:40:00,page_view,/checkout,google,cpc,Retention,1.93
48ca7651-92f5-4f7b-8323-d342df6a8f93,user_0066,2024-08-22T18:54:00,click,/,,,Hire-Intl,0.0
5738811d-70c2-403f-ba8d-03aa782a65e0,user_0067,2024-08-20T02:43:00,click,/,,,Hire-Intl,0.0
40a26c60-0d27-4659-b72a-da9b2f32751e,user_0067,2024-09-07T00:13:00,click,/checkout,email,email,Hire-Intl,0.0
1d34d08e-7a4c-45d4-9c99-e04cf0e98b3b,user_0067,2024-09-23T07:36:00,page_view,/signup,,,Retention,0.0
7de31a51-6694-4343-90ba-58e3d2762bdc,user_0067,2024-08-26T22:46:00,click,/signup,google,cpc,Hire-Intl,0.29
afbb411a-a123-4a8c-93b7-a88612f70c97,user_0067,2024-09-01T02:21:00,page_view,/checkout,email,email,Retention,0.0
cfa701cd-2631-400b-a6d7-94d30db95301,user_0067,2024-09-04T14:31:00,page_view,/checkout,google,cpc,Retention,0.56
15ce6a66-4dc8-4a1e-b2f9-e5fa90164161,user_0067,2024-09-24T21:24:00,page_view,/pricing,google,cpc,Brand-Awareness,0.22
8edddfcd-1e52-4770-bf89-7142fe716b14,user_0067,2024-09-04T04:24:00,page_view,/checkout,,,Retention,0.0
989bc4da-9b37-422b-aa8a-616fc3b290d0,user_0068,2024-09-30T09:28:00,page_view,/pricing,linkedin,cpc,Hire-Intl,0.56
c693da11-39c6-41ca-9e50-aa42ca6dfda1,user_0068,2024-08-29T17:35:00,page_view,/,email,email,Retention,0.0
e893be3d-7354-4a6f-a160-745985c7504b,user_0069,2024-10-19T00:18:00,click,/pricing,linkedin,cpc,Brand-Awareness,1.56
96a9954f-dc33-41f9-8c1f-55ab715629ee,user_0069,2024-11-07T12:10:00,page_view,/checkout,google,cpc,Hire-Intl,0.19
9191b363-4e2d-4645-adc7-cac7fd72b050,user_0069,2024-10-22T08:26:00,click,/signup,google,cpc,Retention,2.83
f5c9b047-9c10-4572-8f6b-40d09efba58b,user_0069,2024-11-10T20:31:00,page_view,/,email,email,Hire-Intl,0.0
c342bd2b-f295-456e-9967-5f06bd767e35,user_0069,2024-11-24T12:21:00,page_view,/signup,,,Retention,0.0
43bfd931-3605-4f54-a021-c0ca3531968d,user_0069,2024-11-16T20:38:00,page_view,/pricing,google,cpc,Retention,0.94
3d67cde9-2834-44c0-94c8-b3b4a911d192,user_0070,2024-09-08T23:44:00,conversion,/pricing,email,email,Retention,0.0
2812859a-1337-439e-8d4f-5d272c7f0b79,user_0070,2024-10-12T12:23:00,page_view,/pricing,google,cpc,Brand-Awareness,2.3
b07aa066-7354-45ea-a894-9b8d00af5b3a,user_0070,2024-08-22T23:29:00,page_view,/signup,,,Brand-Awareness,0.0
085b15fb-4a8f-4810-b84c-2f29980402a2,user_0070,2024-10-14T13:43:00,page_view,/pricing,linkedin,cpc,Retention,1.98
48603b32-b4fb-4eb9-89c1-3de73b4206c5,user_0070,2024-10-05T13:50:00,page_view,/checkout,linkedin,cpc,Brand-Awareness,1.2
1238d630-743b-45a2-9c0f-2fcfb3f6fe0d,user_0070,2024-09-22T22:26:00,click,/signup,email,email,Brand-Awareness,0.0
43b9da13-ec85-4f37-bbc1-a987aff8754d,user_0070,2024-09-24T19:40:00,page_view,/pricing,,,Brand-Awareness,0.0
96fc734d-a003-4d28-8a8f-3653c9af18f8,user_0071,2024-10-20T01:36:00,page_view,/checkout,,,Retention,0.0
32a447b2-ef04-457d-8dcc-c33aa9434aa0,user_0071,2024-10-08T03:00:00,page_view,/pricing,google,cpc,Retention,1.12
398d1ca6-8b68-40b5-9d61-fac36cd5e859,user_0071,2024-10-10T21:37:00,page_view,/,email,email,Retention,0.0
44007d5a-e88d-4719-a624-2b40a5cb63a2,user_0072,2024-10-03T03:53:00,page_view,/signup,,,Retention,0.0
0f44704f-1247-4a4e-a469-98e8d39e198b,user_0072,2024-10-11T16:30:00,page_view,/checkout,google,cpc,Retention,0.2
9854ce4e-4ebf-45c3-8ae9-b4a72a79ea68,user_0072,2024-09-30T22:07:00,page_view,/,google,cpc,Brand-Awareness,2.4
ebd34616-91b7-4d8e-9301-6989bfbbb17f,user_0072,2024-11-26T23:15:00,page_view,/signup,email,email,Brand-Awareness,0.0
77fc9703-1fd5-4423-b06c-5c5649e2623d,user_0072,2024-10-27T07:51:00,page_view,/checkout,linkedin,cpc,Retention,0.09
670acc5c-b321-4f21-8dd8-eb85b04d3376,user_0072,2024-11-06T06:28:00,page_view,/pricing,email,email,Hire-Intl,0.0
8a3c3b5e-801e-41da-85b1-ed25f1533ae8,user_0072,2024-11-12T02:36:00,click,/pricing,google,cpc,Retention,0.98
9918ee46-1497-4658-b010-f7197e695d0d,user_0073,2024-08-24T21:55:00,conversion,/signup,linkedin,cpc,Brand-Awareness,1.17
bc0a6a5d-6e99-4e3e-a3b1-37fc0a3450fc,user_0073,2024-09-02T18:07:00,click,/pricing,google,cpc,Brand-Awareness,2.12
069f14f1-4018-4c6e-9a8c-fa3c5283aac7,user_0073,2024-08-27T19:37:00,page_view,/,google,cpc,Hire-Intl,0.92
ac9ed156-f63f-4e41-ba9a-ca5e176132ed,user_0073,2024-08-19T11:44:00,page_view,/pricing,google,cpc,Brand-Awareness,1.15
964db03f-9340-4fad-9c4a-d56bd6016237,user_0073,2024-08-19T15:40:00,click,/pricing,email,email,Brand-Awareness,0.0
c3c75611-ffe3-4a49-854f-92fff366bad4,user_0073,2024-08-26T04:11:00,page_view,/,google,cpc,Retention,2.86
9384ec2b-44fe-4cae-9248-a9a7ac1aa554,user_0073,2024-09-08T04:12:00,conversion,/checkout,,,Retention,0.0
2cd94cbb-c19a-458c-835b-1c8c0a4c9f7f,user_0073,2024-09-03T22:53:00,page_view,/,linkedin,cpc,Hire-Intl,0.88
7135f221-a6c9-437f-84da-d06a7872bdeb,user_0074,2024-09-18T09:10:00,page_view,/checkout,,,Brand-Awareness,0.0
ff37d19c-2e76-428b-8735-44f9ea83bf00,user_0074,2024-09-20T03:17:00,click,/signup,,,Brand-Awareness,0.0
d0725b5c-a281-4044-af96-288295d82980,user_0074,2024-08-17T23:28:00,conversion,/,email,email,Brand-Awareness,0.0
785299f4-175b-498d-b814-01027de1bdfe,user_0074,2024-10-02T07:19:00,page_view,/signup,,,Retention,0.0
5230dfbd-5553-42fe-a889-803e5913f9d3,user_0074,2024-08-20T14:55:00,click,/pricing,,,Hire-Intl,0.0
292bd156-db94-4570-9ac7-0ec0ab8ddeb4,user_0075,2024-11-09T19:40:00,page_view,/pricing,linkedin,cpc,Hire-Intl,2.42
7ed70ed7-b194-490b-a961-929e546e035a,user_0075,2024-10-31T11:34:00,page_view,/signup,google,cpc,Brand-Awareness,0.88
668409e3-f1f8-443e-a99f-131849c8a43f,user_0075,2024-10-31T08:54:00,click,/,email,email,Hire-Intl,0.0
0964fbbf-8cd3-41b0-82b0-1cfdd045dd1c,user_0075,2024-11-14T13:58:00,page_view,/pricing,google,cpc,Brand-Awareness,2.6
409d3602-5084-4242-968b-1625746f7891,user_0075,2024-10-10T04:45:00,page_view,/checkout,google,cpc,Retention,0.43
c5c5b37a-f85e-46a1-9dad-09b252c21221,user_0075,2024-11-04T08:40:00,page_view,/,linkedin,cpc,Retention,1.55
d32e6dcd-83bc-4478-9d6a-c7b86778043b,user_0076,2024-11-12T11:29:00,page_view,/,,,Brand-Awareness,0.0
de8ede0b-a85c-4e4a-804b-6fabfcf56188,user_0076,2024-10-13T20:42:00,click,/checkout,email,email,Hire-Intl,0.0
0de051a6-69ca-47d2-b644-14fd8ae769ed,user_0076,2024-11-05T06:31:00,click,/signup,google,cpc,Brand-Awareness,1.73
9f64eeed-5c9d-427d-84b8-71bb300568d2,user_0076,2024-10-20T15:50:00,page_view,/,google,cpc,Hire-Intl,0.3
71299889-a01a-4992-bf9d-3e64c1a6423b,user_0076,2024-11-03T14:01:00,click,/checkout,google,cpc,Retention,0.0
445dcc38-341c-4494-8d36-6dfcc28ebd70,user_0077,2024-09-26T04:56:00,page_view,/signup,email,email,Hire-Intl,0.0
49bc473f-ed7b-4656-a18a-15368c99a894,user_0077,2024-08-29T02:23:00,page_view,/,email,email,Retention,0.0
7c16128d-b2c0-4394-a17f-29e170286046,user_0077,2024-09-28T22:48:00,page_view,/,google,cpc,Hire-Intl,0.64
a14923c2-f920-464c-8763-fcd01f15c7b6,user_0077,2024-08-17T04:37:00,page_view,/,google,cpc,Hire-Intl,2.09
b5b453ca-3d42-493c-8c9f-d3349bdf0377,user_0077,2024-10-04T03:55:00,page_view,/,linkedin,cpc,Hire-Intl,1.15
03802b70-8d03-491e-8f8d-5238288b78b5,user_0077,2024-09-28T03:06:00,click,/pricing,google,cpc,Retention,2.32
3985fb62-17dc-4eff-a872-13f98d605936,user_0077,2024-09-30T04:41:00,page_view,/,,,Brand-Awareness,0.0
1d0bc9bd-e9b5-45cf-9766-5cdafe049059,user_0078,2024-10-08T06:40:00,click,/checkout,,,Hire-Intl,0.0
a5d04d53-1e12-42e3-b272-92b6762172ed,user_0078,2024-08-29T04:48:00,click,/signup,google,cpc,Retention,0.94
eec259dc-7f95-497c-a76a-a6ced50755d9,user_0078,2024-08-31T07:17:00,page_view,/signup,email,email,Brand-Awareness,0.0
b495db4e-8245-4fb4-8ab7-706eb77350ca,user_0078,2024-10-16T21:56:00,page_view,/pricing,google,cpc,Brand-Awareness,1.18
7b85179a-d5b0-47e0-aa5d-932b45ff2c83,user_0078,2024-10-03T01:50:00,conversion,/checkout,,,Retention,0.0
74eff545-3e65-4603-b8e3-654bfaf14ff0,user_0078,2024-09-23T20:38:00,click,/,google,cpc,Retention,2.8
30cbd755-6232-417a-a507-41818d1fb540,user_0078,2024-08-31T12:55:00,page_view,/pricing,,,Retention,0.0
bf0d073d-821c-4336-9970-cf60ebff8d15,user_0078,2024-10-11T02:01:00,page_view,/pricing,email,email,Hire-Intl,0.0
11df12d7-dd30-4e89-a2f2-35f2e11b868d,user_0079,2024-09-20T20:45:00,page_view,/checkout,email,email,Hire-Intl,0.0
dabac50d-ca3d-4859-85ce-099c46b82659,user_0079,2024-10-06T19:09:00,page_view,/pricing,google,cpc,Hire-Intl,1.61
c9a7d91f-ef2a-4713-9702-10496a39aaa6,user_0079,2024-09-27T18:40:00,page_view,/,,,Retention,0.0
00a81de9-d20f-47d0-8465-6d6b81fb18b3,user_0079,2024-10-18T07:03:00,click,/,google,cpc,Retention,1.84
d664d264-4c6e-47ff-b9de-7a3a486822b9,user_0079,2024-09-05T09:42:00,click,/,,,Hire-Intl,0.0
a8f1e091-ffb8-402d-9475-dbc996418ced,user_0079,2024-10-16T00:10:00,page_view,/signup,linkedin,cpc,Hire-Intl,1.12
7250ee18-260a-4962-9d81-b7f57d5911c6,user_0079,2024-10-19T08:46:00,click,/,,,Retention,0.0
551ac8ea-585a-4afa-bbfd-cc1289e06ab3,user_0080,2024-09-07T08:45:00,page_view,/checkout,,,Retention,0.0
6090d697-8b1e-4b9d-834b-9fbb8d4a75b8,user_0080,2024-09-06T15:54:00,page_view,/signup,email,email,Hire-Intl,0.0
de9e3757-5260-401e-aecf-67d2749176f4,user_0080,2024-10-16T23:07:00,page_view,/,google,cpc,Hire-Intl,0.73
3d225c30-b28f-41de-bb14-0bc3304b8590,user_0080,2024-10-03T11:24:00,page_view,/,,,Brand-Awareness,0.0
db23aa8c-3bca-4f85-a20a-60ac9261549d,user_0080,2024-10-18T23:41:00,page_view,/checkout,linkedin,cpc,Brand-Awareness,0.96
517400f8-0b2c-482a-a928-8e92c68a152f,user_0081,2024-09-29T03:32:00,page_view,/pricing,email,email,Brand-Awareness,0.0
e9d68f23-b489-4070-b914-f8a8bea4ff31,user_0081,2024-10-01T02:56:00,page_view,/signup,linkedin,cpc,Retention,0.26
fd08b32c-62d6-4e93-a198-5d54cfb87e6f,user_0082,2024-08-24T06:18:00,page_view,/pricing,email,email,Retention,0.0
a6eab79e-d21c-42f8-8ada-4f80a9e782d4,user_0082,2024-09-01T06:46:00,click,/pricing,,,Hire-Intl,0.0
f6febc0e-7ecd-4baf-a6f0-5fcffb16e5db,user_0082,2024-08-27T00:14:00,page_view,/,email,email,Retention,0.0
f72169bb-8096-4718-a051-acef097a1e10,user_0082,2024-09-12T12:54:00,page_view,/pricing,,,Brand-Awareness,0.0
19b17e80-dea4-4e17-94fd-9ad39716108e,user_0082,2024-08-27T15:03:00,page_view,/signup,,,Hire-Intl,0.0
1986b4b2-70b7-4868-9854-80f0dfcaf0b7,user_0082,2024-08-15T16:26:00,page_view,/,,,Brand-Awareness,0.0
03edd1f8-74f9-4d17-a912-b4bf86a4bae4,user_0082,2024-08-09T20:52:00,page_view,/,linkedin,cpc,Retention,1.99
def57689-68f4-4bce-a4e7-5e8eb8f21423,user_0082,2024-08-09T07:18:00,page_view,/checkout,google,cpc,Brand-Awareness,2.5
1327f1bc-2784-478f-b84f-16b3a79fbfaf,user_0083,2024-09-18T08:14:00,page_view,/,google,cpc,Hire-Intl,0.32
43d88870-f81d-4aa1-8812-0a8e78308930,user_0083,2024-09-18T14:20:00,page_view,/pricing,linkedin,cpc,Retention,0.92
65c17795-b155-46bc-9f8d-ed9756abf2f1,user_0083,2024-09-06T03:05:00,page_view,/,google,cpc,Hire-Intl,2.51
541cdfcd-da0d-4a5f-948f-8b74a65bb1f2,user_0083,2024-09-10T04:05:00,conversion,/checkout,,,Brand-Awareness,0.0
889b78d5-dbfd-497e-aca2-b148da330aa1,user_0083,2024-09-09T08:52:00,page_view,/checkout,,,Retention,0.0
a075e927-5110-4492-b442-7e0b61484bb3,user_0083,2024-09-25T07:06:00,click,/pricing,linkedin,cpc,Hire-Intl,0.04
7cea2045-c268-483e-a32f-2e63b7fddd71,user_0084,2024-08-21T12:23:00,click,/,email,email,Brand-Awareness,0.0
9e11d2cd-0930-4ef6-8a80-068ddf547e50,user_0084,2024-10-06T02:01:00,page_view,/checkout,,,Hire-Intl,0.0
af34cf65-a193-44b2-bc19-e71d118405ad,user_0084,2024-10-02T10:07:00,page_view,/pricing,google,cpc,Brand-Awareness,1.3
3a3c8a71-ff57-4e2b-8991-ab9bebc2026f,user_0084,2024-09-24T12:31:00,page_view,/pricing,google,cpc,Retention,0.64
fa745761-6f18-4108-9723-199dbf2c14a0,user_0085,2024-09-04T14:56:00,page_view,/pricing,google,cpc,Brand-Awareness,0.89
b4323070-a23d-4c2f-82a7-96891933918c,user_0085,2024-09-13T17:30:00,page_view,/pricing,google,cpc,Retention,0.6
2a96e1e2-7194-4ae2-99ba-d7aedf615a5c,user_0085,2024-10-13T16:15:00,click,/,email,email,Retention,0.0
0769165f-e746-4cb9-8ca9-cf07b1aa0f6a,user_0086,2024-10-04T15:22:00,page_view,/checkout,,,Retention,0.0
0e5dd462-cbd0-4ef2-930a-37df0bc61066,user_0086,2024-09-20T19:14:00,click,/signup,google,cpc,Hire-Intl,2.43
6e417d47-5ff5-45ea-9bc4-40f14b1a269b,user_0086,2024-09-30T16:22:00,conversion,/pricing,,,Hire-Intl,0.0
697c3923-87fa-441a-be83-b91f25440fe0,user_0086,2024-09-15T08:34:00,click,/,,,Hire-Intl,0.0
2e183554-cae2-4e66-ae8a-781390e0a95b,user_0086,2024-10-21T12:22:00,conversion,/pricing,,,Hire-Intl,0.0
9c07a751-1437-4509-acd1-586a2b840c67,user_0086,2024-09-20T23:44:00,page_view,/signup,linkedin,cpc,Brand-Awareness,1.69
aee1e86b-9ea5-46aa-a1ee-6c5bdeef580f,user_0087,2024-11-13T15:34:00,page_view,/,google,cpc,Hire-Intl,0.7
9549c931-e9af-499d-bf67-1eec3da70577,user_0087,2024-10-07T00:33:00,page_view,/pricing,linkedin,cpc,Hire-Intl,1.02
a34db7c5-760d-4bbb-bb70-b3a124a35cf2,user_0087,2024-10-04T10:03:00,page_view,/pricing,google,cpc,Hire-Intl,2.54
aab612c9-415d-474a-b5a6-69814104a8b5,user_0087,2024-11-17T11:04:00,click,/checkout,linkedin,cpc,Brand-Awareness,0.3
771ad655-cdfc-4ee0-a61e-de900267deb3,user_0088,2024-08-29T05:46:00,click,/checkout,,,Brand-Awareness,0.0
8beddb12-ad77-482f-89a2-3a89e6b5a92c,user_0088,2024-10-05T17:44:00,page_view,/signup,,,Hire-Intl,0.0
f1faf665-7115-43f3-92e8-9d1028711733,user_0088,2024-10-12T05:24:00,page_view,/pricing,google,cpc,Hire-Intl,2.19
4c955f6a-966b-4964-bcd6-bdca5876fd09,user_0088,2024-10-20T22:36:00,conversion,/,linkedin,cpc,Hire-Intl,1.81
b0b862ef-6c9f-42b9-b647-8986a3917c99,user_0088,2024-10-18T19:14:00,page_view,/checkout,email,email,Hire-Intl,0.0
4d57d880-d865-469a-b4f3-310340066ff2,user_0089,2024-09-07T10:10:00,conversion,/signup,email,email,Retention,0.0
da743152-627b-41a1-bfd6-f23232ffe294,user_0089,2024-08-29T07:44:00,page_view,/,google,cpc,Brand-Awareness,0.0
61a11729-3cb9-4350-9b4d-a0fe7bb38605,user_0090,2024-10-14T13:10:00,page_view,/checkout,,,Retention,0.0
4bbe4aff-9326-4ffd-9be4-bf5192698698,user_0090,2024-09-04T15:50:00,page_view,/pricing,,,Hire-Intl,0.0
059dd55d-4b94-4e30-b303-f438fe2110d0,user_0090,2024-10-19T01:18:00,page_view,/,google,cpc,Hire-Intl,1.03
6553867d-a881-4fd3-947d-577bfa5a91ca,user_0090,2024-10-24T12:10:00,page_view,/,,,Retention,0.0
dd750e98-90e0-495f-8212-b554464458b4,user_0090,2024-10-07T15:45:00,click,/pricing,google,cpc,Brand-Awareness,2.67
f93e08d5-bea2-4dfe-873f-6e1baf908e3c,user_0090,2024-09-08T01:06:00,conversion,/checkout,google,cpc,Brand-Awareness,1.66
bec39a37-9b3d-44bd-a91e-314e0c8e29e3,user_0090,2024-10-27T23:34:00,page_view,/pricing,google,cpc,Hire-Intl,0.15
e726be23-e776-4886-9534-ee1d7f2984f5,user_0091,2024-08-13T11:00:00,page_view,/checkout,linkedin,cpc,Hire-Intl,0.29
3ae909fe-cc82-48da-8696-f5e64944051b,user_0091,2024-08-23T05:40:00,page_view,/,google,cpc,Retention,2.35
3810ae66-5a31-44cc-8d4b-69a99b689c88,user_0091,2024-09-09T15:57:00,page_view,/checkout,email,email,Hire-Intl,0.0
402913ec-9ef2-493e-b0ac-7d7ba2f963a3,user_0091,2024-09-03T11:11:00,page_view,/checkout,linkedin,cpc,Retention,0.68
c478f6f1-b88e-4318-816d-83edad81f8bd,user_0091,2024-08-27T18:03:00,page_view,/,google,cpc,Hire-Intl,2.0
2303f6c6-d69d-42f1-ae4c-84ffa8c01f05,user_0091,2024-09-30T17:26:00,page_view,/,,,Retention,0.0
a0a11839-e745-4704-98df-bc3ca0d4de3d,user_0091,2024-09-05T17:43:00,page_view,/pricing,,,Retention,0.0
c9e26074-4f16-49a0-8a17-991ea5769411,user_0091,2024-09-04T22:02:00,click,/pricing,email,email,Hire-Intl,0.0
5d678bb1-945e-42e4-888a-93ec70d9c9f8,user_0092,2024-10-11T05:13:00,page_view,/checkout,,,Hire-Intl,0.0
e8dd5e5a-1712-4b16-a1a4-344fbb7bee03,user_0092,2024-09-08T06:52:00,click,/signup,email,email,Retention,0.0
6a5e6920-bf5a-47e6-93a3-dd5a4b8c5bdc,user_0092,2024-10-09T02:05:00,page_view,/signup,linkedin,cpc,Retention,1.56
c958e75e-21d5-4971-b367-49b52cf6bf75,user_0092,2024-10-09T00:50:00,page_view,/checkout,,,Hire-Intl,0.0
5da8d6d2-f8b3-4a8b-a05f-b8bc8a16a06c,user_0092,2024-08-21T18:37:00,conversion,/,email,email,Hire-Intl,0.0
45c45a3e-e9da-484a-8075-9f1f87e5f0fe,user_0092,2024-08-18T09:55:00,page_view,/checkout,email,email,Retention,0.0
e9ff1cae-41c8-4a8c-aa1f-955ad499da99,user_0092,2024-09-12T18:38:00,page_view,/checkout,linkedin,cpc,Hire-Intl,1.85
f7a67b94-7b5a-411a-b1b6-4afed31edf1a,user_0092,2024-09-24T22:25:00,click,/signup,google,cpc,Brand-Awareness,0.71
ded255d0-bf1e-4366-8b8e-63d4ce7607ad,user_0093,2024-10-15T11:01:00,click,/signup,google,cpc,Retention,2.53
77e490c7-1d7b-4313-8de2-2f1c56b60afc,user_0093,2024-11-21T22:43:00,click,/pricing,google,cpc,Retention,2.92
c1101266-2408-46dc-9346-d1a9f6802cdb,user_0093,2024-10-26T10:17:00,page_view,/,,,Hire-Intl,0.0
ad238d36-dc32-4c97-b9c1-e262f76c8ede,user_0093,2024-11-25T13:47:00,page_view,/signup,linkedin,cpc,Hire-Intl,1.55
65bcc272-fadd-4ea3-aca5-e2fdb966442a,user_0093,2024-10-08T02:19:00,page_view,/,,,Hire-Intl,0.0
8eac0a33-cdf9-44a7-9882-b5c1f79efd70,user_0093,2024-11-20T06:53:00,page_view,/,google,cpc,Retention,2.11
6502d6a2-ca6a-4224-971e-16cc5da36f1b,user_0093,2024-10-15T11:52:00,page_view,/,linkedin,cpc,Brand-Awareness,0.09
1fa382e8-895c-4d99-83b3-8eb403902c5d,user_0093,2024-10-21T15:38:00,conversion,/checkout,linkedin,cpc,Brand-Awareness,1.65
bfbf397b-ac3e-4b0d-9e5b-a13d746cdb77,user_0094,2024-10-03T08:47:00,page_view,/,,,Retention,0.0
618ae305-95a5-4afa-831d-029fac1e86d8,user_0094,2024-10-04T18:49:00,click,/pricing,,,Brand-Awareness,0.0
5f18e583-f0b6-483f-a377-f6f1d289f0ab,user_0094,2024-09-21T13:32:00,click,/,google,cpc,Retention,2.73
78b2b549-3bdb-409e-acc2-16a01bbc91f7,user_0094,2024-09-21T05:38:00,page_view,/signup,,,Brand-Awareness,0.0
f1738856-e25d-46eb-9e9a-9f83066803ee,user_0094,2024-09-21T08:27:00,click,/checkout,,,Retention,0.0
9c2e58de-ea4e-4617-93f8-382b8fb864e4,user_0094,2024-08-30T21:33:00,page_view,/,,,Hire-Intl,0.0
a2a9d4d8-102e-4de5-a5cc-8bf738ab854c,user_0095,2024-10-16T19:38:00,page_view,/checkout,google,cpc,Hire-Intl,1.01
b379cb1e-e8cd-40cc-b6da-3ca0d2e82f38,user_0095,2024-09-22T20:20:00,page_view,/signup,,,Hire-Intl,0.0
1dde7969-6886-43db-a634-8e784d5c55c7,user_0095,2024-10-23T07:57:00,click,/checkout,google,cpc,Brand-Awareness,0.96
0986bbeb-f23e-423d-8b9b-d93423c86d30,user_0095,2024-09-13T23:01:00,conversion,/signup,email,email,Retention,0.0
1dba1267-7e1c-45a1-bef5-18a64dead645,user_0095,2024-10-22T01:37:00,page_view,/pricing,,,Retention,0.0
899ca782-e323-4d1a-bc1b-dacc18e19331,user_0095,2024-09-19T21:34:00,page_view,/signup,email,email,Brand-Awareness,0.0
5efa9c5b-7421-4f46-a37e-4b0122bae10e,user_0096,2024-11-04T17:11:00,page_view,/signup,google,cpc,Brand-Awareness,2.43
b24cc64f-be3e-4e57-b30a-9e32aba4fc03,user_0096,2024-11-10T05:43:00,page_view,/pricing,,,Retention,0.0
965befdf-6b4b-4411-8a4a-0e2df22b5b98,user_0096,2024-11-17T09:26:00,page_view,/signup,,,Brand-Awareness,0.0
e2aa7a5d-278e-400d-ba02-66efbe055787,user_0097,2024-09-03T20:37:00,page_view,/checkout,email,email,Hire-Intl,0.0
d56ce8ea-1959-4b5a-a7a8-f6366a35df59,user_0097,2024-10-25T21:24:00,page_view,/pricing,email,email,Hire-Intl,0.0
f065c817-687a-4850-9d9b-62317d45d8ef,user_0098,2024-10-02T14:09:00,click,/,google,cpc,Retention,1.0
b0b63bcf-0860-4833-879d-0cdaf396ea37,user_0098,2024-09-07T10:40:00,page_view,/pricing,google,cpc,Hire-Intl,1.73
71d79665-7181-4dcf-b79e-fc6e5edb0d3c,user_0098,2024-09-06T15:50:00,page_view,/checkout,,,Brand-Awareness,0.0
5cd8fe1a-dafe-48a9-bc71-e0bef3579560,user_0098,2024-09-23T15:24:00,page_view,/signup,google,cpc,Hire-Intl,2.68
5e09a9ee-af88-4dec-bb1e-143b196f4dfa,user_0098,2024-10-14T16:12:00,page_view,/pricing,google,cpc,Hire-Intl,2.08
a5135ea0-fa53-434d-a6d5-901d8b621d41,user_0098,2024-09-18T09:08:00,page_view,/signup,google,cpc,Hire-Intl,0.2
46a02a9b-65ec-4acd-8f80-35f55bd20c98,user_0099,2024-10-19T09:29:00,page_view,/signup,,,Retention,0.0
f2f25eef-1f45-4bfd-b7dc-67e030974b2b,user_0100,2024-10-18T15:22:00,page_view,/checkout,,,Hire-Intl,0.0
1777e8cb-7468-4b98-92fe-2fded918b3e5,user_0100,2024-10-07T04:13:00,page_view,/pricing,,,Hire-Intl,0.0
a3b5cece-a446-4e72-b64c-911aa9ab364a,user_0100,2024-10-02T01:24:00,page_view,/,,,Brand-Awareness,0.0
0cf2b69b-0577-4ea9-b899-924698de8ebb,user_0101,2024-11-03T00:03:00,page_view,/checkout,email,email,Hire-Intl,0.0
fd235def-3e5a-47e3-9560-db22c96b5edb,user_0101,2024-10-11T22:09:00,page_view,/,google,cpc,Retention,1.26
34885a46-9088-4eaf-8977-6598203c8c25,user_0102,2024-10-15T08:39:00,page_view,/,email,email,Brand-Awareness,0.0
8de08fc2-c3e1-4a85-946e-f10411906f50,user_0102,2024-09-19T09:07:00,page_view,/pricing,,,Retention,0.0
d0243d72-3748-467f-961d-33ba350843f0,user_0103,2024-10-07T13:18:00,page_view,/pricing,google,cpc,Brand-Awareness,2.8
c63d04ee-541c-4a86-bba5-cd2fdea45c19,user_0103,2024-09-13T07:00:00,page_view,/,google,cpc,Brand-Awareness,2.01
989240ac-e689-43a9-89e4-8e8c25c61c45,user_0103,2024-09-01T02:49:00,click,/,email,email,Retention,0.0
fbe94499-dbc0-40fd-86fb-7bf300b9d4a3,user_0103,2024-09-21T09:16:00,page_view,/pricing,linkedin,cpc,Hire-Intl,2.56
8a4b8f7c-2147-4a15-bcce-96f6250a4578,user_0104,2024-11-03T10:27:00,page_view,/,,,Hire-Intl,0.0
1c24220e-2cab-47e7-8c6b-66e5402adf9c,user_0104,2024-11-02T20:10:00,click,/signup,google,cpc,Brand-Awareness,0.28
21bddb41-0699-4731-9dcf-8766a93b12cd,user_0104,2024-11-12T10:11:00,page_view,/checkout,google,cpc,Retention,2.51
c9d6a63b-ca3c-4f5f-9bb5-c40c03cde2e3,user_0104,2024-11-04T15:51:00,click,/pricing,linkedin,cpc,Hire-Intl,0.4
040a3aae-52e2-4fd9-96bf-10ab3ce915e7,user_0104,2024-11-06T01:54:00,page_view,/checkout,google,cpc,Brand-Awareness,2.04
20733f6d-0d6a-45b3-83ef-20162c9b662e,user_0104,2024-10-02T19:24:00,page_view,/pricing,,,Retention,0.0
1d181ee9-86ad-4a8c-abc4-123ebde13c1b,user_0105,2024-10-22T14:02:00,page_view,/,google,cpc,Brand-Awareness,2.6
72c22a16-79eb-4168-9045-56e5bee3eb79,user_0105,2024-10-29T23:36:00,page_view,/signup,,,Brand-Awareness,0.0
97fa7f04-8363-4007-9cae-9610c72c1fe3,user_0106,2024-10-09T23:15:00,page_view,/checkout,linkedin,cpc,Hire-Intl,2.52
38b77c07-80fb-4296-b3b6-a09b1beaf6ac,user_0106,2024-10-02T19:03:00,click,/checkout,google,cpc,Retention,2.61
ba2c98ce-0b19-488e-9d77-a45ef206c269,user_0107,2024-10-19T10:15:00,page_view,/pricing,google,cpc,Brand-Awareness,1.93
a8addf36-ddf2-45eb-a8a3-f341c8819065,user_0107,2024-10-13T07:05:00,click,/checkout,linkedin,cpc,Hire-Intl,2.57
a4b1f991-7542-4646-8d37-a539857dd3b3,user_0108,2024-08-28T15:47:00,page_view,/checkout,email,email,Hire-Intl,0.0
ffa361be-0f92-40e1-87f9-7d05f6ca6b8b,user_0108,2024-08-21T02:50:00,page_view,/signup,email,email,Brand-Awareness,0.0
6d204496-66d0-4371-98e8-8ebb7a9e8eef,user_0108,2024-10-01T21:29:00,page_view,/,,,Hire-Intl,0.0
b65feea9-7d82-4264-9ba3-62e7afa415e5,user_0108,2024-09-11T17:49:00,page_view,/signup,email,email,Brand-Awareness,0.0
e63658c9-12d0-498d-b18d-4d05e8e22743,user_0108,2024-08-27T21:14:00,page_view,/signup,google,cpc,Brand-Awareness,1.57
25f934bf-9bb9-4155-9275-eb9414aeaf5c,user_0108,2024-10-04T03:02:00,page_view,/checkout,,,Hire-Intl,0.0
9fd34579-4667-42ce-a04e-178c10d08d11,user_0108,2024-09-02T06:07:00,page_view,/checkout,,,Hire-Intl,0.0
b64fa54a-8c61-4654-95da-75c1a21150f9,user_0108,2024-08-27T13:02:00,click,/,,,Retention,0.0
98eeac2b-fe9f-4caa-a182-f347533f5a72,user_0109,2024-09-01T16:47:00,click,/checkout,google,cpc,Brand-Awareness,2.34
816bcb9f-7426-4193-8b7e-6b3c87d292a6,user_0109,2024-10-29T05:44:00,click,/pricing,email,email,Hire-Intl,0.0
cb08587d-1963-426d-ae21-8b099afd4015,user_0109,2024-10-09T19:56:00,click,/checkout,google,cpc,Brand-Awareness,2.75
a79b44b6-da50-4fed-9d4a-3d81b3a7d0e0,user_0110,2024-09-12T10:18:00,page_view,/checkout,linkedin,cpc,Brand-Awareness,2.1
8d244e3e-c4da-4ddb-a0b1-5abaa6a27967,user_0110,2024-10-04T16:19:00,page_view,/signup,,,Brand-Awareness,0.0
6e191042-370b-4063-9d90-e79eb888f6ed,user_0110,2024-09-22T20:13:00,page_view,/signup,google,cpc,Brand-Awareness,1.04
69efafb1-3a7e-4e14-a359-eee173991a47,user_0110,2024-09-30T04:45:00,conversion,/signup,email,email,Brand-Awareness,0.0
66132e69-7418-4109-93d1-bf0f56c438e4,user_0111,2024-10-05T18:36:00,click,/signup,,,Retention,0.0
50032b35-1857-4baf-bac7-e2b96a7e4c36,user_0111,2024-10-08T03:01:00,page_view,/,linkedin,cpc,Hire-Intl,0.8
4140752c-aa44-4259-9001-8b7b6d4067f4,user_0111,2024-10-25T05:18:00,page_view,/,email,email,Brand-Awareness,0.0
afd380c4-2713-482c-b41e-a3ac5fd23109,user_0111,2024-09-18T17:02:00,page_view,/pricing,linkedin,cpc,Brand-Awareness,1.94
175a81ec-112f-4612-b969-9ed2ec48bf55,user_0111,2024-09-29T07:32:00,click,/signup,,,Brand-Awareness,0.0
6e8f75a1-17dd-4d81-95da-705cd4ef00aa,user_0111,2024-11-03T12:24:00,click,/signup,linkedin,cpc,Brand-Awareness,0.16
5f65c8ce-bd21-4c11-be9d-61ee18b87245,user_0112,2024-09-21T14:53:00,page_view,/signup,google,cpc,Brand-Awareness,1.64
0f5ae9d3-8e6e-4003-a14f-3f12cfd01cbd,user_0112,2024-09-20T06:49:00,page_view,/checkout,,,Hire-Intl,0.0
8fca7b6a-8fc4-4092-b4e5-59e596229348,user_0112,2024-08-17T05:11:00,page_view,/,,,Retention,0.0
692ac139-1f4a-4ca1-ab85-fd595463adc7,user_0112,2024-08-29T04:10:00,page_view,/signup,email,email,Retention,0.0
f0ede303-aa53-419c-9fa4-bb9f5a856750,user_0112,2024-08-22T01:09:00,page_view,/signup,,,Retention,0.0
ea74bb18-de3b-496f-ac45-96f6c012a0ff,user_0113,2024-09-24T22:20:00,conversion,/,email,email,Brand-Awareness,0.0
49a214ae-f7e8-48e5-8d2b-91efb8976ec5,user_0113,2024-09-08T17:25:00,page_view,/pricing,google,cpc,Brand-Awareness,1.0
1a85910d-5a05-4c11-8ffc-a6b199b479d4,user_0113,2024-08-28T09:13:00,page_view,/checkout,,,Brand-Awareness,0.0
279c658a-3676-4ce5-81e5-c9f693f277cc,user_0113,2024-09-15T00:07:00,page_view,/pricing,email,email,Hire-Intl,0.0
d8e7012f-3968-4c81-bb70-c3b8a81fdec3,user_0113,2024-08-25T12:58:00,page_view,/signup,,,Brand-Awareness,0.0
8e676a01-d86a-4460-99a1-120e1bb43332,user_0113,2024-08-06T16:52:00,page_view,/checkout,,,Retention,0.0
47503f1d-c33a-4f6c-9d69-1fba5e187b24,user_0114,2024-09-22T02:06:00,conversion,/,google,cpc,Brand-Awareness,0.2
6dda4f8d-cea6-4f4c-b9e5-8ff092f837d4,user_0114,2024-10-02T20:49:00,page_view,/,google,cpc,Hire-Intl,1.61
c4767556-f97b-42dd-8f9b-72aed85c16bd,user_0114,2024-10-04T23:49:00,click,/,linkedin,cpc,Brand-Awareness,2.06
accb461a-9d13-4363-9f29-4a8bd1846c39,user_0114,2024-08-22T14:45:00,page_view,/,google,cpc,Hire-Intl,2.38
9be71737-06b8-4231-8e86-7f3ca487eeab,user_0115,2024-10-28T07:58:00,page_view,/checkout,google,cpc,Retention,0.95
b18753e6-d457-4ad9-a867-a096edd877c8,user_0115,2024-09-30T21:07:00,page_view,/,email,email,Brand-Awareness,0.0
45f50c52-2e2f-4f77-8769-79d644777442,user_0116,2024-10-21T16:06:00,page_view,/,google,cpc,Retention,2.3
ebe9e207-4f19-4ec0-832d-4526b3e4110a,user_0116,2024-09-20T12:25:00,page_view,/pricing,,,Brand-Awareness,0.0
2e709838-0190-4620-99dc-abd056febfb9,user_0117,2024-11-10T17:18:00,page_view,/signup,,,Hire-Intl,0.0
a847bce7-90fa-4b57-a4ac-2130deaf528d,user_0117,2024-10-25T04:07:00,page_view,/checkout,google,cpc,Brand-Awareness,1.64
bdb025ff-2451-45a4-91d0-59b26699cd99,user_0117,2024-09-25T09:13:00,click,/signup,,,Hire-Intl,0.0
177d6e7e-07d9-44ce-b8c8-8faea2178f84,user_0117,2024-10-31T16:09:00,page_view,/signup,google,cpc,Hire-Intl,0.34
604e46cb-3712-42d1-87cd-b6a1bf012e32,user_0117,2024-11-01T18:54:00,click,/checkout,google,cpc,Brand-Awareness,1.65
284bf962-5744-4596-b422-21676b7a2460,user_0117,2024-10-08T21:04:00,page_view,/checkout,google,cpc,Retention,1.07
530ac1c7-b8ba-4368-8fc7-77685ebbcca5,user_0117,2024-11-01T20:15:00,page_view,/pricing,google,cpc,Retention,1.46
98a21f1c-914d-4fae-b100-13a7c6deb2f0,user_0118,2024-10-21T09:44:00,page_view,/signup,email,email,Retention,0.0
27d415b6-0d77-45a0-a222-b6a615bfbe97,user_0118,2024-09-19T00:20:00,page_view,/checkout,google,cpc,Retention,2.52
0cbd3c03-9e2a-44ac-8122-b5b3284c03d2,user_0118,2024-09-17T21:46:00,page_view,/checkout,google,cpc,Retention,2.32
716fda0a-45a8-4829-94e2-86e5ac8936bc,user_0118,2024-10-10T17:06:00,page_view,/signup,google,cpc,Hire-Intl,2.67
9b69554d-7c54-435f-ac8c-3b6aa974d079,user_0118,2024-09-21T08:46:00,page_view,/,,,Hire-Intl,0.0
372f871a-45ee-432d-aa07-f2137129cec7,user_0118,2024-10-19T00:52:00,page_view,/pricing,email,email,Hire-Intl,0.0
585d3f86-1d23-44e6-8329-20b7c143f426,user_0119,2024-10-30T04:23:00,click,/signup,linkedin,cpc,Hire-Intl,1.39
ad9fb00d-4882-473c-9c63-45ab6e0ed1e8,user_0119,2024-10-13T02:25:00,page_view,/pricing,linkedin,cpc,Brand-Awareness,2.05
86e52753-7c93-46cc-97d7-a560adb14670,user_0119,2024-10-29T16:08:00,page_view,/pricing,linkedin,cpc,Brand-Awareness,2.2
3873e57f-0ba0-48e8-8ef4-92c1aac93316,user_0119,2024-11-10T11:02:00,page_view,/,google,cpc,Retention,1.11
0e0630cd-996d-4c50-bc04-a168652ffb49,user_0119,2024-09-13T21:13:00,click,/checkout,email,email,Retention,0.0
f200c261-4d29-41ab-b455-12f701f7c7ec,user_0119,2024-11-06T01:02:00,page_view,/signup,,,Brand-Awareness,0.0
c3a00c6f-2321-41e1-8471-04c036136e15,user_0119,2024-10-15T18:11:00,page_view,/,linkedin,cpc,Brand-Awareness,0.75
1eb74b56-53ff-43a2-8a19-35014169b9fc,user_0119,2024-11-08T07:33:00,click,/signup,linkedin,cpc,Retention,2.38
6e3f683a-bf3c-4140-bf54-a51101fa964e,user_0120,2024-10-28T04:28:00,page_view,/signup,google,cpc,Hire-Intl,0.45
88575117-6155-4667-a112-507c2cfa55b0,user_0121,2024-10-01T22:52:00,page_view,/signup,google,cpc,Brand-Awareness,0.34
8f0881ee-8011-416b-bae8-8926b423ccde,user_0121,2024-10-06T15:30:00,page_view,/checkout,google,cpc,Hire-Intl,0.73
5aaab32f-ce63-42b6-ab05-347fd556b37d,user_0121,2024-09-01T18:37:00,page_view,/,google,cpc,Brand-Awareness,0.44
bdf66ba5-dc9c-46de-a5a6-74c212738a23,user_0122,2024-10-15T05:33:00,page_view,/,,,Brand-Awareness,0.0
75b27455-04cc-4ede-afac-16730ad45230,user_0122,2024-10-08T09:05:00,page_view,/checkout,google,cpc,Retention,0.51
5024bdc6-dcb3-4df3-93ee-cdc6ebd14d2c,user_0122,2024-10-09T13:38:00,page_view,/pricing,google,cpc,Brand-Awareness,1.98
67884209-92ca-425a-ade5-93329364f3d0,user_0123,2024-09-26T21:21:00,page_view,/,,,Hire-Intl,0.0
4a1dab32-6aed-4dc7-a3e0-5309b5a1b949,user_0123,2024-08-19T03:01:00,click,/checkout,google,cpc,Hire-Intl,1.82
f758dce2-0556-4aea-a7b0-32831d7c0098,user_0123,2024-08-22T15:57:00,page_view,/,email,email,Hire-Intl,0.0
f296d9f0-cd23-42c2-abff-e17b532401fc,user_0123,2024-08-19T19:34:00,click,/checkout,,,Brand-Awareness,0.0
b08a4895-d4ff-4666-b5c8-e90d9e3d750d,user_0123,2024-10-05T01:44:00,page_view,/checkout,email,email,Retention,0.0
6fcc57dd-168f-4e12-9ca2-60c9eb7607c9,user_0124,2024-09-05T08:30:00,click,/,,,Retention,0.0
6f887f28-3e49-4d09-9b19-d8b8d8302081,user_0124,2024-10-01T13:16:00,click,/,google,cpc,Brand-Awareness,1.57
1422373f-8622-48d1-a683-e10796c044d0,user_0125,2024-10-05T06:44:00,page_view,/,,,Hire-Intl,0.0
beed10b6-4f6e-474b-9eda-b0276550f74a,user_0126,2024-10-10T17:27:00,page_view,/checkout,email,email,Hire-Intl,0.0
c77444cb-5543-4c3c-b8b8-f24e56ea57b3,user_0126,2024-10-06T17:30:00,page_view,/checkout,google,cpc,Retention,2.97
a21b0307-82af-485c-938d-994c2b0abedd,user_0126,2024-09-22T11:49:00,click,/,,,Brand-Awareness,0.0
31a3ac4d-828c-47e7-87d5-b7be1d30d990,user_0126,2024-10-06T22:10:00,page_view,/signup,google,cpc,Brand-Awareness,1.84
59e1ac09-5970-4859-86b6-e4ade7ea8d5a,user_0126,2024-09-29T22:03:00,conversion,/,google,cpc,Hire-Intl,2.47
a53bc024-d1a6-4d87-b54e-2019ba35844e,user_0127,2024-11-06T13:05:00,page_view,/,google,cpc,Brand-Awareness,0.11
1a5165ca-3c7c-4d85-a5cf-0041d0a643fe,user_0127,2024-10-23T12:39:00,page_view,/,email,email,Hire-Intl,0.0
2c6a6e9a-3280-47a1-8187-222b257d5e52,user_0127,2024-10-27T00:12:00,click,/signup,,,Hire-Intl,0.0
c257cf73-c29d-482b-a722-796e9a36d1ec,user_0127,2024-11-06T16:33:00,page_view,/,email,email,Retention,0.0
f387e1bd-2d59-42c6-934a-5a2fa7cf705c,user_0127,2024-09-29T05:05:00,click,/signup,,,Brand-Awareness,0.0
76c5a0dc-7e7e-4419-a0c1-4035c5d95f51,user_0127,2024-11-05T06:33:00,click,/,google,cpc,Brand-Awareness,0.85
9458054e-c287-4f06-9050-f7efc1235c91,user_0127,2024-11-21T17:58:00,page_view,/signup,email,email,Hire-Intl,0.0
e1cde87f-ec95-4f87-ae5e-c36572eb7474,user_0127,2024-10-11T14:59:00,page_view,/pricing,linkedin,cpc,Retention,1.52
fc8d5b93-a2a2-491f-a49b-1cd99082889b,user_0128,2024-09-20T10:07:00,conversion,/signup,,,Brand-Awareness,0.0
f891b0c3-dd3f-487e-92bd-c6619fe0a8c7,user_0128,2024-09-26T18:30:00,click,/checkout,,,Brand-Awareness,0.0
70944bdb-26a5-44e3-90ee-7a92a09151e0,user_0129,2024-09-07T08:04:00,click,/pricing,linkedin,cpc,Brand-Awareness,2.1
a1a27485-7134-4c2a-b80b-3657117b355b,user_0130,2024-09-18T16:34:00,click,/pricing,google,cpc,Retention,0.28
97674900-4651-4367-8bdc-43184d85a3d2,user_0130,2024-10-09T23:52:00,page_view,/pricing,google,cpc,Retention,0.94
12fe28bf-81e0-4489-9a18-e2a30e614bcd,user_0130,2024-09-09T18:17:00,click,/pricing,google,cpc,Retention,2.21
09a0a0f6-73b0-4091-b634-c1694f76e388,user_0130,2024-09-11T23:15:00,page_view,/pricing,,,Hire-Intl,0.0
497de16d-d4ea-420a-9e65-96540e9058b6,user_0130,2024-09-18T04:49:00,click,/checkout,google,cpc,Brand-Awareness,0.02
fa34d2e8-dd3f-4d7e-a508-dc9513a4a492,user_0130,2024-10-20T17:02:00,page_view,/signup,,,Retention,0.0
98159d6c-9d71-4084-971d-abf9daf481a7,user_0131,2024-09-12T16:17:00,click,/pricing,linkedin,cpc,Hire-Intl,1.58
949077c2-7674-456f-a26d-719d81cf3252,user_0131,2024-09-28T15:34:00,page_view,/pricing,google,cpc,Retention,2.93
bd29ede9-cab4-423b-b448-83858de7ad6c,user_0131,2024-10-15T16:29:00,page_view,/pricing,google,cpc,Retention,1.74
e8b77f7b-7321-4f6b-8a80-76ece5582e16,user_0131,2024-09-21T11:39:00,page_view,/signup,,,Hire-Intl,0.0
30307633-a6de-41d8-9258-17b7cf501889,user_0131,2024-10-10T10:23:00,page_view,/checkout,google,cpc,Brand-Awareness,2.26
80599b93-79c2-42e4-9ae1-a991524f93ff,user_0132,2024-10-19T08:28:00,page_view,/pricing,google,cpc,Hire-Intl,2.16
73557b9d-0fd6-447e-b52d-4af2269ed4c9,user_0132,2024-11-14T07:35:00,page_view,/pricing,linkedin,cpc,Brand-Awareness,0.45
d65e59dd-e62d-4d06-8f9b-85581a7f195b,user_0132,2024-11-14T00:11:00,page_view,/signup,linkedin,cpc,Retention,0.9
15969802-b6dd-4257-bb7d-9f1c57eb89b1,user_0132,2024-10-29T18:03:00,page_view,/,linkedin,cpc,Hire-Intl,2.44
0a0537f0-2c2c-422b-a568-95c6812a1f9b,user_0132,2024-10-24T20:06:00,page_view,/signup,linkedin,cpc,Retention,1.68
fdb1429e-7010-4d13-b526-b22d3f6c21f7,user_0132,2024-11-22T08:22:00,page_view,/pricing,google,cpc,Brand-Awareness,1.73
9c1c3517-85d2-40a6-8629-5b5d707df251,user_0133,2024-10-07T11:20:00,page_view,/checkout,email,email,Hire-Intl,0.0
eafde7d9-5f73-4a3e-9d28-6aa428a39779,user_0133,2024-10-07T14:40:00,click,/signup,,,Retention,0.0
c6435300-68a5-4c68-a32d-bb5e486bb6bf,user_0133,2024-10-25T12:54:00,page_view,/signup,,,Hire-Intl,0.0
0d67d38e-990f-4c5b-adcc-3daf569f3ab3,user_0134,2024-10-02T19:41:00,click,/signup,linkedin,cpc,Brand-Awareness,1.76
55ab946d-a5b5-4dc2-a181-c85eca0ac6ac,user_0134,2024-10-13T13:10:00,page_view,/pricing,google,cpc,Brand-Awareness,0.75
8ed6ad5e-1831-4aa3-9466-9d1910df9974,user_0134,2024-11-01T22:47:00,page_view,/,google,cpc,Hire-Intl,0.19
4082cbb9-48bd-4b3e-a2f5-df2badaa44ca,user_0134,2024-11-10T15:35:00,click,/,google,cpc,Hire-Intl,0.79
f6e39356-a814-4562-9a00-3f16b9469bcf,user_0134,2024-09-24T02:41:00,page_view,/pricing,,,Hire-Intl,0.0
267eddce-df8f-4197-9a4a-99b2e806133c,user_0135,2024-09-18T04:33:00,page_view,/signup,,,Retention,0.0
a9e27ba9-952e-4abb-94dd-5061555736f8,user_0135,2024-10-09T17:59:00,page_view,/pricing,google,cpc,Brand-Awareness,1.79
4f6b58c8-598d-4aec-aaaf-e5432434a678,user_0135,2024-10-20T23:40:00,page_view,/signup,,,Retention,0.0
a981b098-b2cf-452d-a7f3-33b3f7baf55e,user_0135,2024-09-24T02:28:00,page_view,/pricing,google,cpc,Retention,0.03
b576255e-9854-4f22-a102-f9c964575bc4,user_0135,2024-10-13T04:22:00,page_view,/checkout,google,cpc,Retention,0.9
8f158449-4f40-422f-95b0-2530f020e992,user_0135,2024-10-29T13:51:00,page_view,/,google,cpc,Brand-Awareness,1.12
54170a17-caaa-4bbe-a4bb-f962606e0e1c,user_0135,2024-10-06T17:27:00,page_view,/checkout,linkedin,cpc,Retention,0.66
b3ecb951-ab8c-4f97-a0b7-1785d02ce0c1,user_0135,2024-09-15T13:40:00,click,/signup,google,cpc,Retention,1.95
ff4625af-bd20-463b-b275-b5f3d436a7a8,user_0136,2024-09-08T02:11:00,page_view,/checkout,google,cpc,Brand-Awareness,1.36
17ec889c-86c1-46cb-a996-30f7af77520e,user_0136,2024-10-10T19:31:00,page_view,/,google,cpc,Brand-Awareness,0.07
822c4d32-6c64-4c15-aba3-01cba561e1e9,user_0136,2024-09-02T09:17:00,page_view,/,google,cpc,Hire-Intl,0.27
4f11d8dc-5cd3-4369-84aa-c1b75ca0c428,user_0136,2024-08-27T15:13:00,page_view,/checkout,google,cpc,Retention,1.39
577bc55a-36d5-4494-b37f-d50d2e25b5ee,user_0136,2024-10-16T01:21:00,click,/pricing,google,cpc,Hire-Intl,0.8
31274148-7c7c-404e-8422-d03ef29a6339,user_0137,2024-09-08T15:11:00,click,/checkout,google,cpc,Hire-Intl,0.37
27aa7cbc-2337-4bbc-bffe-77c839feb99c,user_0137,2024-09-23T22:15:00,conversion,/pricing,linkedin,cpc,Brand-Awareness,2.98
c9c23e69-d82c-4565-8bb9-07ec13c11754,user_0137,2024-08-17T14:47:00,page_view,/pricing,,,Retention,0.0
8a2e6a93-c558-4bb2-81f7-f3fb19e45c6a,user_0137,2024-08-24T10:10:00,page_view,/,email,email,Retention,0.0
86cac6f4-e238-4e93-bd17-c5e8d5ca69ab,user_0137,2024-08-24T06:23:00,click,/pricing,,,Hire-Intl,0.0
e05b46c5-5636-4094-a974-31db09a9d1c1,user_0137,2024-09-01T10:00:00,page_view,/,google,cpc,Retention,2.37
98e52499-218c-4e1c-9e37-4f7ac42cbc39,user_0137,2024-08-05T01:37:00,page_view,/pricing,,,Retention,0.0
2e4bebc4-2989-4880-a77d-1be96070b6a1,user_0138,2024-09-11T02:43:00,click,/,email,email,Hire-Intl,0.0
9feefdff-c566-4a81-b15e-54f6d4d30795,user_0138,2024-08-20T22:34:00,page_view,/pricing,,,Retention,0.0
b89f72f3-2a60-4652-a714-7668cf1d7d3a,user_0138,2024-09-30T20:48:00,click,/pricing,google,cpc,Hire-Intl,2.07
5d42b9e9-692e-47b6-8b2f-6d5c700b5d5f,user_0138,2024-09-02T23:08:00,page_view,/checkout,google,cpc,Brand-Awareness,0.88
f836f571-3cce-476c-b836-c448ad261ec5,user_0139,2024-09-18T05:34:00,click,/signup,google,cpc,Brand-Awareness,2.74
c09cb506-48f1-496d-9c4f-fb4671b701aa,user_0139,2024-09-17T05:04:00,page_view,/signup,email,email,Brand-Awareness,0.0
3be79df4-72ec-416e-88a7-23e9bfa016c2,user_0139,2024-08-13T20:32:00,page_view,/,linkedin,cpc,Brand-Awareness,2.57
f7315749-4f39-49a8-bd3a-258288b4f474,user_0139,2024-10-01T19:15:00,page_view,/checkout,google,cpc,Hire-Intl,1.57
e76adca9-7811-4802-88cc-7cfecf01f944,user_0139,2024-09-13T17:09:00,page_view,/signup,email,email,Hire-Intl,0.0
ada58417-5e2a-432d-b1ab-0b56d5c9fdc7,user_0139,2024-09-24T02:02:00,page_view,/,,,Hire-Intl,0.0
70cafdd8-fc04-4f08-9207-0158f2771f63,user_0139,2024-08-25T03:02:00,click,/checkout,email,email,Brand-Awareness,0.0
c7332304-4822-4120-84f9-eccd7630a8a7,user_0139,2024-09-19T08:03:00,page_view,/,linkedin,cpc,Hire-Intl,2.79
6b2d5b09-8707-4ad4-80be-7e3561c2645a,user_0140,2024-10-12T02:29:00,page_view,/checkout,,,Retention,0.0
331f63fb-d11f-48c0-a97c-a4fff75d599f,user_0140,2024-09-14T19:17:00,click,/signup,email,email,Hire-Intl,0.0
df7d0dd7-236e-4608-9acb-394acd1f5318,user_0140,2024-10-14T03:06:00,page_view,/pricing,,,Hire-Intl,0.0
7b07fd31-a424-4f23-8d5b-a7cd400035f0,user_0140,2024-09-26T18:40:00,page_view,/checkout,,,Brand-Awareness,0.0
ef2ddcc4-8df6-41da-9f07-c1a5dfc620ce,user_0141,2024-10-12T22:42:00,page_view,/pricing,linkedin,cpc,Brand-Awareness,1.2
8412a335-d88c-456d-b61e-5fdb1a435206,user_0141,2024-10-04T21:10:00,page_view,/signup,email,email,Retention,0.0
1578d709-48f9-43d0-9fea-e1e0d9e604b3,user_0141,2024-10-03T11:26:00,page_view,/signup,,,Brand-Awareness,0.0
73069588-45d5-468d-a90a-3abbc35b9fea,user_0141,2024-10-17T06:24:00,click,/signup,,,Retention,0.0
d4bf7a4b-25b8-442f-836b-15c7e7c225da,user_0141,2024-10-11T12:00:00,conversion,/,,,Brand-Awareness,0.0
e916da57-f248-43ab-977a-8a5f6ffe33b3,user_0141,2024-11-08T09:00:00,page_view,/signup,google,cpc,Hire-Intl,2.31
e27718c5-737d-4fb6-9113-76e038d77b9a,user_0142,2024-11-02T16:35:00,page_view,/,email,email,Hire-Intl,0.0
6a36af18-06d3-4b93-ae33-688d597e6845,user_0142,2024-10-07T04:16:00,page_view,/pricing,linkedin,cpc,Retention,2.43
5fbbf0b1-8083-49c8-a57e-01c90da23e5c,user_0142,2024-10-03T18:25:00,page_view,/,email,email,Brand-Awareness,0.0
14e4180c-fe99-46a3-a2db-c8503c5bf3a7,user_0142,2024-10-28T05:31:00,page_view,/,,,Brand-Awareness,0.0
519554e3-0737-4c86-b97b-5f515ffa46ef,user_0142,2024-09-30T23:51:00,page_view,/,email,email,Retention,0.0
b6f6dbf1-d6d4-41cc-995d-82f8ee4a9b5d,user_0143,2024-10-25T03:55:00,click,/,,,Brand-Awareness,0.0
25637cc3-ca97-4bf5-95d5-96afa663d2cd,user_0143,2024-09-20T01:19:00,page_view,/pricing,email,email,Retention,0.0
eada79a3-4970-4d9a-89ce-3cfb2339ba19,user_0143,2024-09-10T04:03:00,conversion,/checkout,email,email,Brand-Awareness,0.0
d4c3a832-b231-460b-b8f2-ce6bd46b415d,user_0143,2024-09-01T07:27:00,page_view,/pricing,google,cpc,Retention,0.25
781799ff-b49e-44cc-8243-69e72387eaf6,user_0143,2024-10-02T23:03:00,page_view,/checkout,email,email,Brand-Awareness,0.0
e7e646c7-0158-4463-9d87-76a072d78bdd,user_0143,2024-10-10T04:48:00,page_view,/checkout,google,cpc,Retention,1.96
3735262d-4184-4b03-84dd-7054144823f7,user_0143,2024-09-08T17:39:00,page_view,/pricing,,,Hire-Intl,0.0
f0b2a5d1-8c7e-4f42-a646-eaf9d5c0244d,user_0144,2024-10-03T18:05:00,page_view,/signup,google,cpc,Retention,0.57
6c5a6c93-871c-4884-9bdf-90f2ba2c0f19,user_0144,2024-09-12T19:41:00,page_view,/signup,google,cpc,Brand-Awareness,2.46
3cd5fd7f-49c1-4669-86b3-3fe61c76bdf6,user_0144,2024-10-11T14:39:00,page_view,/pricing,google,cpc,Hire-Intl,2.06
3d0a5f0c-0c39-4ec7-9f31-74054d183eba,user_0144,2024-08-30T23:54:00,click,/pricing,google,cpc,Brand-Awareness,2.78
9f708368-cb3c-48ca-a392-57316b79afcc,user_0144,2024-10-15T09:00:00,click,/signup,google,cpc,Retention,1.41
d6312a80-1c61-4ec2-9014-2131750565f5,user_0144,2024-09-11T06:47:00,page_view,/signup,email,email,Brand-Awareness,0.0
893ad232-98c3-43ca-bff4-cec6e7b7b4c6,user_0144,2024-10-06T04:44:00,page_view,/,email,email,Retention,0.0
93364f7e-83ef-49f3-a1c7-cc8a04351b64,user_0145,2024-10-02T22:39:00,page_view,/,google,cpc,Hire-Intl,1.17
4a90cd0c-24c1-43b9-b7f2-85723defa849,user_0145,2024-08-30T21:54:00,page_view,/,,,Hire-Intl,0.0
5a5226e6-9d64-4932-8066-853d6de299a1,user_0145,2024-10-08T20:24:00,page_view,/,google,cpc,Retention,1.45
2ff3cde4-6aa4-4c9f-9217-04753d959e3f,user_0145,2024-09-20T17:05:00,page_view,/checkout,google,cpc,Brand-Awareness,2.78
8603156a-15ea-4bcf-ab10-21ceaa143cd8,user_0145,2024-08-14T01:15:00,page_view,/checkout,,,Retention,0.0
f4124360-1153-4e99-9c50-8720f982f4e0,user_0146,2024-10-05T11:22:00,page_view,/signup,email,email,Hire-Intl,0.0
c9525185-81e0-4a5e-8b48-f49686abd4e7,user_0147,2024-11-17T00:35:00,page_view,/signup,,,Retention,0.0
0534a101-8ddc-4719-81f3-8dd4fd034ada,user_0147,2024-10-01T23:24:00,page_view,/pricing,email,email,Retention,0.0
0b251279-785a-45d0-9f92-a62163f4c69d,user_0147,2024-10-05T13:19:00,page_view,/pricing,,,Hire-Intl,0.0
5f90bed6-fb25-464d-a30a-a767a2bb522b,user_0147,2024-11-02T17:43:00,click,/signup,,,Brand-Awareness,0.0
5b6a8102-0428-4378-bf50-23f440ef3935,user_0147,2024-10-29T04:27:00,conversion,/pricing,,,Brand-Awareness,0.0
3dba6da8-5844-49fc-914b-9547c9dc72b8,user_0147,2024-11-23T05:20:00,page_view,/,google,cpc,Hire-Intl,0.95
1a89b71e-a0d5-42c8-a837-fe68bba205ca,user_0147,2024-11-21T04:46:00,page_view,/checkout,google,cpc,Retention,0.91
c1b5b5ca-bc35-46df-94f7-9dbac5811d2d,user_0148,2024-09-28T06:06:00,page_view,/signup,google,cpc,Brand-Awareness,1.7
5a304528-0b59-4562-a227-219f551ff086,user_0148,2024-08-24T19:14:00,page_view,/,google,cpc,Brand-Awareness,2.34
a48e40f1-d042-4dfa-96ab-087a8bc78e81,user_0148,2024-08-18T16:54:00,click,/signup,email,email,Hire-Intl,0.0
af475b49-c775-4395-9494-05f02cd2a404,user_0148,2024-09-10T15:08:00,page_view,/checkout,google,cpc,Hire-Intl,2.78
7a8104de-b205-47bb-bb16-f75776f186ab,user_0148,2024-10-09T13:14:00,conversion,/pricing,,,Hire-Intl,0.0
2285b2ef-cfbe-4fe9-aea9-c542a1b970d0,user_0149,2024-11-03T15:44:00,page_view,/pricing,google,cpc,Retention,1.21
f1901b7e-c6b4-49ef-b74e-ba9310275b53,user_0149,2024-09-27T19:47:00,click,/checkout,,,Brand-Awareness,0.0
339b77a8-4b1f-4d7b-8977-c513752a7d25,user_0149,2024-10-31T19:34:00,click,/,email,email,Brand-Awareness,0.0
e2c328aa-3310-4475-8a86-22250b36e356,user_0149,2024-10-24T01:56:00,page_view,/checkout,,,Brand-Awareness,0.0
4f612217-eef1-4694-90ca-e32d0aba590e,user_0149,2024-10-19T16:48:00,page_view,/signup,email,email,Retention,0.0
d0be73ee-fd37-4539-a5f2-02f983f02dc7,user_0149,2024-10-14T09:29:00,page_view,/,google,cpc,Brand-Awareness,1.55
095ffa81-40d9-4bce-b930-ba208b040f49,user_0149,2024-10-04T14:53:00,page_view,/,email,email,Hire-Intl,0.0
493e904d-30ec-4796-a59b-457fc0d7ac73,user_0149,2024-11-24T22:34:00,page_view,/checkout,google,cpc,Hire-Intl,0.54
0c3ce284-c7e5-4bbb-9cb5-1c535b62a8df,user_0150,2024-10-25T02:16:00,page_view,/pricing,google,cpc,Brand-Awareness,2.2
45f18619-54f9-4429-a7de-02ccdda4f4a7,user_0150,2024-10-01T03:45:00,page_view,/checkout,linkedin,cpc,Brand-Awareness,2.37
6fdc0bad-5e36-4127-8ca1-b45c1fdd980a,user_0150,2024-10-28T19:10:00,page_view,/pricing,linkedin,cpc,Retention,1.7
7092947d-be49-49ec-a667-d3bbe3b56360,user_0150,2024-11-07T04:10:00,page_view,/,,,Retention,0.0
56cb1ab0-62fb-46d7-b4db-ca07e506f670,user_0151,2024-09-28T05:07:00,conversion,/,,,Brand-Awareness,0.0
b12b6680-7f07-4cb9-afd3-40c0f945f2fd,user_0151,2024-08-19T14:31:00,page_view,/,,,Brand-Awareness,0.0
cc1b4157-ec9f-4c54-9e0a-72ab7f5db163,user_0151,2024-09-03T06:37:00,page_view,/checkout,email,email,Hire-Intl,0.0
15260718-cd18-4a82-8447-ceab84ef4324,user_0151,2024-08-19T07:56:00,page_view,/pricing,email,email,Hire-Intl,0.0
6e3c4532-1434-4f62-acac-028cba220065,user_0151,2024-08-22T20:22:00,click,/signup,google,cpc,Retention,2.76
2e326567-d284-454e-bebe-c0db9a3a6103,user_0151,2024-08-22T03:26:00,page_view,/signup,,,Brand-Awareness,0.0
1a43db54-523a-4993-8b34-46bc8ba435cc,user_0151,2024-10-02T19:36:00,page_view,/checkout,,,Brand-Awareness,0.0
4baf0f5e-a932-4094-93f2-8f11147f6570,user_0151,2024-10-17T01:05:00,page_view,/checkout,,,Hire-Intl,0.0
b7b8c1a5-9a45-493d-b227-890e4e76833a,user_0152,2024-09-18T04:07:00,page_view,/checkout,email,email,Brand-Awareness,0.0
71a3fad2-b094-4d2a-aaa9-3b436d15f16f,user_0152,2024-09-01T19:03:00,click,/,google,cpc,Retention,2.17
ba108217-0ad7-49a2-b277-16ec59fefbbc,user_0153,2024-10-05T10:16:00,conversion,/signup,email,email,Hire-Intl,0.0
9d66e815-5a41-43b3-a95f-176cdebac186,user_0153,2024-09-28T16:46:00,page_view,/pricing,email,email,Brand-Awareness,0.0
a3b442bd-4649-4296-af58-42c3ff86cc31,user_0153,2024-09-15T06:00:00,page_view,/,google,cpc,Brand-Awareness,2.54
0eaf04b5-f2a9-4c8a-8a9e-4a62fae3114b,user_0153,2024-10-18T19:26:00,page_view,/pricing,linkedin,cpc,Hire-Intl,1.92
67fd64c4-a334-458a-abd2-b5121335e5db,user_0153,2024-10-11T09:16:00,page_view,/signup,,,Hire-Intl,0.0
bff9507d-cd14-403e-8359-9af65d01f55f,user_0154,2024-09-16T23:36:00,page_view,/pricing,email,email,Hire-Intl,0.0
07f8d4f0-f3ea-4184-a8f4-e3ceadedda80,user_0154,2024-09-12T21:30:00,click,/pricing,,,Retention,0.0
ad973b67-9b89-45cb-9942-644c248d31ec,user_0154,2024-09-20T17:57:00,click,/checkout,google,cpc,Brand-Awareness,0.17
20509c62-08e8-45d7-b02c-1821c8040fb7,user_0154,2024-09-24T09:36:00,page_view,/,,,Hire-Intl,0.0
a52964ff-c74c-4890-bc6a-3174113634a5,user_0154,2024-09-12T11:04:00,page_view,/,,,Retention,0.0
f31046dc-6202-4ee6-9cb5-e69c5dc7b3e6,user_0154,2024-10-01T17:53:00,page_view,/pricing,google,cpc,Brand-Awareness,0.35
2747b93c-9ae7-4eab-884a-67809136f1f8,user_0155,2024-11-08T10:45:00,page_view,/checkout,google,cpc,Hire-Intl,1.11
5ef787b8-f2e6-495f-b32e-2016add702c9,user_0155,2024-11-07T09:13:00,page_view,/signup,email,email,Hire-Intl,0.0
13aec376-c359-410a-b1a6-014c5f3c44dc,user_0155,2024-11-12T02:28:00,click,/pricing,email,email,Hire-Intl,0.0
5df06e8c-878a-4ed9-a33f-fc8292ec89af,user_0155,2024-10-15T23:55:00,click,/pricing,email,email,Hire-Intl,0.0
4758367b-a649-4cdc-907b-907265e58f34,user_0155,2024-11-14T16:43:00,page_view,/,,,Retention,0.0
06a241af-1d0a-47f7-b5e4-a4713fe68c9c,user_0156,2024-08-20T01:43:00,click,/signup,,,Retention,0.0
848af440-7fc1-4858-afa0-d842bc55300b,user_0156,2024-08-07T16:49:00,page_view,/signup,email,email,Brand-Awareness,0.0
1e2595b8-8fc9-486b-a9dd-ebf563119aca,user_0157,2024-08-25T09:17:00,click,/,email,email,Retention,0.0
b43bd27f-42a2-49a6-8664-12854303cbc1,user_0157,2024-08-30T03:00:00,page_view,/,,,Hire-Intl,0.0
9ca3fbb3-ff11-48ba-b6ee-1640723ef466,user_0157,2024-09-17T10:17:00,click,/signup,google,cpc,Brand-Awareness,0.73
ffa623d0-ea9e-4c8d-b1a8-b71f491b90e9,user_0157,2024-08-17T09:39:00,page_view,/,,,Hire-Intl,0.0
22bf18f5-1f65-4a87-b33e-e3447dbf4bc1,user_0157,2024-10-09T21:03:00,page_view,/checkout,google,cpc,Retention,0.54
2c33350c-73b9-41d8-92f5-131ada52d2ee,user_0157,2024-09-20T18:40:00,page_view,/signup,,,Retention,0.0
ff4c96d6-71f2-4e8f-b69f-68c3e60fd420,user_0158,2024-11-02T21:51:00,conversion,/checkout,email,email,Brand-Awareness,0.0
f7b217c7-ae92-4a71-8f7d-cb431679742f,user_0158,2024-11-06T22:29:00,page_view,/checkout,google,cpc,Retention,0.7
aaf78c67-51d0-4109-bc90-2838d8741408,user_0158,2024-09-29T04:55:00,page_view,/signup,,,Retention,0.0
8ccc9cea-109f-48ee-b5a4-720058f0dd23,user_0158,2024-11-12T21:21:00,click,/checkout,,,Retention,0.0
4cc9f5f2-e42e-4037-8a55-2ea08acbbe09,user_0159,2024-08-30T15:29:00,page_view,/signup,,,Brand-Awareness,0.0
b5a5f8e6-b639-4f04-a852-4385d9f2dd0d,user_0159,2024-09-09T03:25:00,click,/signup,,,Brand-Awareness,0.0
2c913a7c-a340-4f08-b341-91b8ed6522b4,user_0159,2024-09-27T09:34:00,page_view,/pricing,linkedin,cpc,Brand-Awareness,0.73
3967e60a-823d-4107-9c8a-c066cb2fafa3,user_0159,2024-08-18T15:24:00,page_view,/checkout,google,cpc,Retention,1.7
cac4d0eb-3373-430e-bc31-a5971f119c0f,user_0159,2024-08-29T17:44:00,page_view,/,google,cpc,Brand-Awareness,2.79
7e7838c9-ca55-438b-bc9a-be10238d6f44,user_0159,2024-09-13T15:07:00,page_view,/,email,email,Retention,0.0
9280c5aa-8dd4-495b-9c63-b6f306ba8cd3,user_0159,2024-09-02T02:38:00,click,/checkout,google,cpc,Retention,1.48
fba6abf7-cdbc-4653-b7a7-e8b75e70f65f,user_0159,2024-09-19T01:05:00,page_view,/,google,cpc,Hire-Intl,1.98
e25df9a8-9ca8-45c4-a138-afe08d38bbd8,user_0160,2024-09-22T12:39:00,page_view,/signup,email,email,Retention,0.0
65edcfe3-4f2d-4d3f-90d4-de39161237c9,user_0160,2024-11-01T21:19:00,click,/signup,,,Hire-Intl,0.0
7a89cbeb-b807-478a-b788-f5d1ffe575f6,user_0160,2024-10-13T16:25:00,click,/,,,Retention,0.0
68d0a2a8-c4e7-47dd-a929-de738693fd9d,user_0160,2024-09-07T00:45:00,conversion,/,email,email,Retention,0.0
20156a72-12e1-43a6-932c-ae01d2c65ee4,user_0160,2024-09-19T13:44:00,page_view,/checkout,email,email,Retention,0.0
12fc7a87-a470-4d48-9128-b9b1f8ede0ca,user_0160,2024-10-08T06:42:00,page_view,/checkout,google,cpc,Retention,2.52
8471b4b0-ae1b-4f69-b740-d83173318749,user_0160,2024-09-13T09:55:00,page_view,/,email,email,Brand-Awareness,0.0
d43cdd6d-e0c1-4f1e-a0da-897258321ee4,user_0160,2024-10-20T15:42:00,conversion,/,linkedin,cpc,Hire-Intl,1.93
96792482-a3c9-48e4-8d22-38e6c7bf4fbc,user_0161,2024-10-24T22:38:00,page_view,/checkout,,,Brand-Awareness,0.0
21084dd9-f75d-4e3c-848d-56502e9522d6,user_0161,2024-11-16T14:24:00,page_view,/,linkedin,cpc,Brand-Awareness,1.49
de431e06-e924-4069-80bb-ae526ec01269,user_0161,2024-11-10T07:45:00,page_view,/signup,email,email,Hire-Intl,0.0
84a2576c-1fc9-45f8-94d6-07350e2f8958,user_0161,2024-10-31T15:45:00,page_view,/,linkedin,cpc,Hire-Intl,2.19
2976aab2-2a26-4770-8ddb-1b36272c0588,user_0161,2024-10-28T08:29:00,page_view,/,email,email,Hire-Intl,0.0
39b86bb2-b596-4a7c-af4a-fa885299e505,user_0161,2024-11-11T21:42:00,page_view,/signup,google,cpc,Brand-Awareness,0.16
84d67c4f-f0df-4684-b28e-41225894f7f1,user_0161,2024-10-16T17:49:00,page_view,/checkout,google,cpc,Brand-Awareness,2.2
143029a9-d88f-4c94-88b7-63d5e519dd7e,user_0162,2024-10-13T09:18:00,page_view,/signup,google,cpc,Brand-Awareness,2.36
f4d375c1-a293-49fa-b240-d7a14027ab7d,user_0162,2024-09-08T01:40:00,page_view,/,linkedin,cpc,Brand-Awareness,2.97
a0017720-200b-4903-8642-6c458d03f17a,user_0162,2024-10-13T23:39:00,page_view,/pricing,google,cpc,Brand-Awareness,0.23
17eaec83-8892-442f-9d4b-2bf94d85e9c7,user_0162,2024-10-12T08:16:00,page_view,/signup,google,cpc,Hire-Intl,2.22
9780c215-2b2b-48e9-a417-c09380a8a23d,user_0162,2024-09-30T05:58:00,page_view,/checkout,email,email,Retention,0.0
2bd3cdcd-2779-4685-94a5-3fdef10d27c8,user_0162,2024-09-08T22:15:00,click,/,linkedin,cpc,Retention,2.95
e6e987ca-b87b-4384-9fdd-de2ea8a2b7ad,user_0162,2024-09-01T19:59:00,click,/checkout,,,Retention,0.0
ec86a890-d7b0-4bdc-966e-3cbe9aea622f,user_0163,2024-10-26T05:13:00,click,/,email,email,Brand-Awareness,0.0
dd20c3bf-d342-4f08-8a8b-b5b490494583,user_0163,2024-11-07T03:03:00,page_view,/signup,google,cpc,Retention,2.24
f2d3f761-0ba3-4279-94cb-056407437c3b,user_0163,2024-11-03T17:14:00,click,/checkout,linkedin,cpc,Retention,0.44
43c07d43-93a7-4792-8561-b8dca4364fcd,user_0163,2024-11-10T13:00:00,click,/checkout,google,cpc,Brand-Awareness,0.95
92779574-c457-4cc3-b5f7-89bca6b07458,user_0163,2024-10-19T21:02:00,page_view,/signup,google,cpc,Retention,1.83
07c0d116-a394-4d54-9e3c-5a886aa56e6d,user_0163,2024-10-27T08:21:00,click,/signup,google,cpc,Brand-Awareness,1.75
8baaf744-a08d-421b-a395-4cb17f7f6c0a,user_0163,2024-10-15T21:47:00,page_view,/pricing,google,cpc,Brand-Awareness,1.01
4d560a3d-f4e7-469a-a454-09374a27ebf2,user_0163,2024-10-30T05:20:00,page_view,/,email,email,Hire-Intl,0.0
ceae71cf-ce00-4af0-beb0-51817ba24588,user_0164,2024-10-11T11:14:00,page_view,/,,,Hire-Intl,0.0
741b77f5-4c24-4053-a7f5-ae02af5b8f47,user_0164,2024-09-16T19:42:00,page_view,/,,,Brand-Awareness,0.0
2877f5d9-0f56-45f8-b048-faa112ae5c22,user_0165,2024-11-01T04:24:00,click,/pricing,email,email,Hire-Intl,0.0
76e5ae78-7bf7-41d3-aa66-2fce7089fc6d,user_0165,2024-10-10T09:29:00,page_view,/checkout,email,email,Retention,0.0
24c778a5-9b4e-464b-9716-dc2e343ada2a,user_0166,2024-08-27T02:17:00,page_view,/signup,,,Hire-Intl,0.0
51beb80e-b7e6-414c-9c8a-49225005680f,user_0166,2024-10-08T08:11:00,page_view,/pricing,linkedin,cpc,Brand-Awareness,1.18
586a346a-dc5b-47d1-bcef-1972bbf483ce,user_0166,2024-09-27T15:06:00,click,/pricing,google,cpc,Brand-Awareness,1.93
c2baf0e0-2179-43f0-a612-4ab4f9b21e6e,user_0166,2024-10-14T14:45:00,page_view,/,google,cpc,Brand-Awareness,2.18
1b2ededb-8fc8-4fc0-83d5-bceb5edbb8ee,user_0166,2024-10-05T14:01:00,page_view,/,,,Hire-Intl,0.0
1f5d988f-776a-4f09-bde2-885951b1943c,user_0166,2024-09-03T04:44:00,page_view,/,google,cpc,Brand-Awareness,2.12
24108e9a-3f77-4cae-b318-b96d44790612,user_0167,2024-09-27T12:54:00,click,/,,,Brand-Awareness,0.0
f204be89-4a4b-4563-8cf4-77ef18c8a616,user_0167,2024-09-24T22:52:00,page_view,/signup,,,Retention,0.0
6b0ae0e3-9d89-4047-9d39-d7936257a4a2,user_0167,2024-09-25T01:40:00,page_view,/signup,,,Brand-Awareness,0.0
e6fdd7af-dd84-4acc-b672-94643f8ea40a,user_0167,2024-09-21T02:53:00,click,/pricing,linkedin,cpc,Hire-Intl,1.66
ef0a573d-53d2-456d-9040-158728e213bc,user_0167,2024-09-24T21:12:00,page_view,/,google,cpc,Brand-Awareness,2.07
3098f7b2-500e-45c0-b89b-df7f93e34c35,user_0167,2024-10-01T02:56:00,click,/pricing,email,email,Hire-Intl,0.0
fef7d9ea-7f8e-4483-a8ca-aa1dc35bec2c,user_0167,2024-10-16T18:15:00,page_view,/signup,linkedin,cpc,Retention,1.6
e10b1a47-7fae-4748-b781-321e83c501cb,user_0167,2024-10-23T14:01:00,page_view,/,google,cpc,Retention,0.35
170d7507-05ee-41d4-bf53-a88e4efc8248,user_0168,2024-11-12T17:09:00,page_view,/,,,Hire-Intl,0.0
750d112e-8164-4eec-a4ab-851bf1fac6e7,user_0168,2024-10-31T20:01:00,click,/,linkedin,cpc,Hire-Intl,2.1
95560a2d-3713-4466-bda0-6476f778c676,user_0168,2024-10-08T00:11:00,click,/,email,email,Retention,0.0
4806f804-0cf0-474c-8c74-dc0f5a575539,user_0168,2024-11-22T18:04:00,page_view,/checkout,,,Brand-Awareness,0.0
d7c4fe9c-e1e0-4ffc-98f6-fd7f7eb162f1,user_0168,2024-10-14T02:51:00,page_view,/checkout,google,cpc,Retention,0.36
4926ce5f-7878-4140-ac2a-4f71a77d95f1,user_0168,2024-11-12T18:34:00,click,/pricing,google,cpc,Hire-Intl,1.78
1b84edc3-d8e0-49de-8217-ea0e896490ab,user_0168,2024-10-21T02:07:00,click,/pricing,google,cpc,Brand-Awareness,1.11
43b47ee5-e1e8-4e7e-a249-8f666e51484d,user_0168,2024-10-10T14:15:00,page_view,/,,,Brand-Awareness,0.0
673ba8bd-c38c-4dec-9da3-9a73ba3df7ff,user_0169,2024-09-27T15:05:00,page_view,/,google,cpc,Brand-Awareness,1.96
0d18ab95-668c-4477-8b95-017c5dae1201,user_0169,2024-09-27T09:26:00,click,/checkout,email,email,Brand-Awareness,0.0
5cce5ba9-31d4-4e09-8fd3-3afc91fdfa4f,user_0169,2024-08-11T20:17:00,page_view,/pricing,email,email,Brand-Awareness,0.0
62e7c1a6-12d2-4a06-89e1-cd138da00495,user_0170,2024-10-16T19:05:00,click,/signup,email,email,Retention,0.0
8cc36f3b-c3af-4cfe-b34a-6ca38116e3fc,user_0170,2024-09-30T06:07:00,conversion,/signup,,,Brand-Awareness,0.0
9f8cc29f-fd35-4c5f-9347-9a3b479bc637,user_0170,2024-10-14T20:42:00,page_view,/,google,cpc,Hire-Intl,2.06
20f0156a-1e6a-4628-9c6d-52d5ae2e9af9,user_0171,2024-09-12T05:42:00,page_view,/signup,,,Retention,0.0
5f89ed12-64d6-4fbf-98c0-1e2bf99f0704,user_0171,2024-09-17T10:39:00,click,/,,,Hire-Intl,0.0
8ece1128-56ce-4b42-bc9e-1dcbcb7e6268,user_0171,2024-10-30T17:11:00,page_view,/,google,cpc,Hire-Intl,2.69
24eeb4a6-c145-45c7-9d98-6115f05eeefe,user_0171,2024-10-17T14:37:00,page_view,/signup,email,email,Hire-Intl,0.0
66c14dca-8255-4a61-9a3b-031932f57510,user_0171,2024-09-21T07:06:00,page_view,/pricing,google,cpc,Retention,2.67
09f64405-0b99-4034-8a4e-255280051b10,user_0171,2024-09-05T15:37:00,click,/pricing,linkedin,cpc,Hire-Intl,2.78
cdd0b4d4-5542-47de-b6ad-f48b2314d0c8,user_0171,2024-09-30T05:24:00,page_view,/pricing,linkedin,cpc,Brand-Awareness,1.08
2620f9a9-74fd-43d1-84f2-fd0f79474bfa,user_0171,2024-09-18T06:21:00,page_view,/,google,cpc,Retention,0.41
23c8afdb-83f8-4f16-a4a4-474c9b33e3a4,user_0172,2024-09-25T05:48:00,click,/pricing,google,cpc,Brand-Awareness,2.86
518b2f21-9cf2-4859-ae6e-2e7253f591dc,user_0172,2024-10-26T05:36:00,click,/,,,Retention,0.0
9dd2f9de-fd98-4e33-a498-abe92999bbef,user_0172,2024-09-30T06:37:00,page_view,/,linkedin,cpc,Brand-Awareness,1.28
97fe56c5-4c9a-4f24-97b4-c294bd44089d,user_0172,2024-10-24T07:15:00,page_view,/pricing,google,cpc,Brand-Awareness,2.69
827c9f8c-d40a-45e9-81df-6517561c9210,user_0172,2024-09-25T01:02:00,click,/,,,Retention,0.0
901bcdef-b56f-48ce-bd66-971e88476c56,user_0172,2024-09-29T22:52:00,page_view,/,google,cpc,Brand-Awareness,2.26
044251db-d0d4-4a67-b992-8faa4cbf131d,user_0172,2024-10-13T23:26:00,page_view,/signup,,,Hire-Intl,0.0
1c0f0bdc-ac7e-437c-94cc-1e2a5e4cb287,user_0172,2024-09-04T00:30:00,page_view,/checkout,email,email,Brand-Awareness,0.0
4ec3f970-956d-40e4-aaa2-6216fada98f5,user_0173,2024-09-28T04:55:00,page_view,/signup,,,Brand-Awareness,0.0
df41e335-b9ae-48e4-a615-99c8cbf81f86,user_0174,2024-11-04T02:24:00,page_view,/,,,Retention,0.0
98cf1188-06d2-4913-a117-3719b023a0ea,user_0175,2024-11-13T19:34:00,page_view,/,email,email,Brand-Awareness,0.0
a7d4cf50-f791-41e5-83f9-cd6b797ebe87,user_0175,2024-10-31T01:32:00,page_view,/,,,Hire-Intl,0.0
9416e4dc-c6b2-4def-b8d8-b7f1c86c6544,user_0175,2024-10-13T19:02:00,page_view,/,linkedin,cpc,Brand-Awareness,2.13
0d259caa-b8ad-4d87-ba40-45dd93dfd907,user_0175,2024-09-27T04:21:00,page_view,/checkout,google,cpc,Brand-Awareness,2.82
86341718-2ba6-4db3-bafe-b1149561c813,user_0175,2024-10-21T22:13:00,click,/signup,,,Retention,0.0
c64c9647-9ea7-417c-b89f-7039a107cc46,user_0176,2024-08-21T02:23:00,page_view,/,google,cpc,Retention,2.13
d25864f2-25d4-40fc-a154-2765d756ba9c,user_0176,2024-09-30T17:57:00,page_view,/,google,cpc,Hire-Intl,2.68
9293f705-0815-4147-be00-980eae441e21,user_0176,2024-09-16T02:05:00,page_view,/,linkedin,cpc,Hire-Intl,0.49
30d73df7-1c22-4cea-b355-56a5f2bd92f2,user_0176,2024-08-25T22:09:00,click,/,linkedin,cpc,Retention,1.25
6b352f85-504e-4687-b0e7-e75604d9145e,user_0176,2024-09-30T17:59:00,page_view,/checkout,google,cpc,Brand-Awareness,1.93
34323ec6-b0c4-401c-a9b7-c0fa26c432f6,user_0176,2024-09-05T06:04:00,click,/signup,google,cpc,Retention,1.74
9c89d374-c664-45a7-8077-3e33690e7e62,user_0176,2024-09-28T20:50:00,page_view,/checkout,google,cpc,Retention,0.91
d92f3c1e-df70-4b2a-b8bb-22a5eba742d2,user_0177,2024-11-16T09:10:00,page_view,/signup,,,Retention,0.0
b4adaf89-0ff1-4a9f-ba37-0623bc5fd4dd,user_0177,2024-09-30T04:22:00,conversion,/pricing,google,cpc,Brand-Awareness,1.61
8f964685-3514-4890-84c8-6c4623595fa4,user_0177,2024-10-08T05:53:00,click,/pricing,,,Hire-Intl,0.0
7a768555-a987-4218-bf84-faef5336723b,user_0178,2024-09-26T04:28:00,page_view,/,google,cpc,Brand-Awareness,0.95
f4e95734-5052-4700-a077-96a38685abaa,user_0179,2024-09-02T14:34:00,page_view,/,,,Hire-Intl,0.0
887b03e5-e980-4808-b5ac-824c2c55aef7,user_0179,2024-09-10T04:29:00,page_view,/signup,,,Brand-Awareness,0.0
ad05b912-5ab2-4d4a-8bd8-8fcd57a2be4e,user_0179,2024-09-09T09:48:00,page_view,/pricing,,,Brand-Awareness,0.0
ae455cc6-b88e-430f-9e1e-994ac5a11f5c,user_0179,2024-10-08T14:21:00,click,/,email,email,Hire-Intl,0.0
43ad3d62-b17c-4b21-8dbc-2c1ca4afe7bd,user_0179,2024-08-17T09:01:00,click,/checkout,linkedin,cpc,Retention,0.28
f5141058-3138-4975-bbf3-3a349c2dfa97,user_0179,2024-08-13T19:41:00,page_view,/signup,google,cpc,Hire-Intl,0.07
4c6a70f4-8ede-444d-876c-f68c3f1be0d0,user_0180,2024-10-25T02:32:00,page_view,/,linkedin,cpc,Brand-Awareness,1.08
fb756923-f910-4bb3-b105-32523990e2c9,user_0180,2024-09-22T22:54:00,page_view,/,linkedin,cpc,Retention,1.03
b4746349-49fc-4cd8-856b-ad4c4c3077c4,user_0180,2024-10-02T14:55:00,page_view,/checkout,email,email,Brand-Awareness,0.0
7d2f4e58-b47a-4c5b-b0b3-901535102852,user_0180,2024-11-03T14:18:00,click,/checkout,google,cpc,Brand-Awareness,2.69
8f7c1d59-594b-4a3a-bad4-65a15129950d,user_0180,2024-09-21T18:38:00,page_view,/checkout,google,cpc,Brand-Awareness,2.96
b8beff3d-cb9f-4f6d-af3a-6f27ef06fccb,user_0180,2024-09-17T18:48:00,page_view,/signup,linkedin,cpc,Retention,0.52
92cf6021-1f33-442d-89ac-908746015028,user_0180,2024-10-12T22:36:00,page_view,/pricing,,,Retention,0.0
e5508ea2-6133-434d-8b0e-8eb1ad371d9e,user_0180,2024-10-14T01:52:00,click,/signup,,,Retention,0.0
585abefb-d181-4f77-a500-1423faebcd19,user_0181,2024-08-16T00:09:00,conversion,/checkout,google,cpc,Hire-Intl,1.96
257f7595-cdfb-4db9-85e7-8b23f4613f09,user_0181,2024-10-11T09:26:00,click,/pricing,google,cpc,Hire-Intl,0.36
f48f709c-49a2-4441-8ac4-de854a5b1aff,user_0181,2024-09-01T15:04:00,page_view,/checkout,email,email,Brand-Awareness,0.0
ec8be537-58ab-4778-943b-45e3b6d1f6bb,user_0181,2024-08-31T20:43:00,page_view,/,linkedin,cpc,Retention,1.54
bf519362-41a6-4fed-a7ed-c8d8713f8f8c,user_0181,2024-09-20T00:54:00,page_view,/pricing,google,cpc,Retention,1.38
d3f4a49b-33ba-4a88-b6c7-d6fa7aa4f052,user_0181,2024-09-28T04:22:00,page_view,/checkout,google,cpc,Brand-Awareness,2.74
8fe069b6-eeda-4802-8568-f42689e03e22,user_0181,2024-09-06T01:18:00,page_view,/,google,cpc,Brand-Awareness,0.58
1bf645f6-2324-4211-8588-fc1bb2384849,user_0181,2024-09-24T05:48:00,click,/signup,google,cpc,Retention,2.48
3d4196fe-963a-4617-bdab-07e79d9d028e,user_0182,2024-09-30T22:44:00,page_view,/signup,linkedin,cpc,Hire-Intl,0.04
e7ba26ac-ab7a-4d1c-8cfe-f6833e11bafe,user_0182,2024-09-20T09:23:00,page_view,/pricing,,,Hire-Intl,0.0
3b9b2d45-a350-45e4-b9c5-9df987f255d6,user_0182,2024-09-19T07:53:00,click,/,google,cpc,Retention,1.38
548e1f6b-69ce-4e4e-99a6-92c90d700ea4,user_0182,2024-08-22T03:52:00,page_view,/signup,google,cpc,Retention,2.07
ae62990c-19bd-4f93-b8ef-7666b7a4c719,user_0182,2024-08-26T14:56:00,page_view,/signup,,,Hire-Intl,0.0
f6eab3a0-0153-4221-a331-0a28c550eca8,user_0183,2024-11-08T03:14:00,page_view,/pricing,google,cpc,Retention,0.38
286ed390-edd9-4a1a-ba58-5b278ce3e7c3,user_0184,2024-09-02T22:48:00,page_view,/checkout,,,Retention,0.0
e1721c83-ef5e-4376-a723-fb72682b163a,user_0184,2024-08-12T01:50:00,page_view,/checkout,email,email,Hire-Intl,0.0
a689b424-7a3a-40e1-b9c7-73a0e0decc3d,user_0184,2024-08-08T02:19:00,click,/,email,email,Brand-Awareness,0.0
4988e418-f6c3-4218-8183-6315330f8be1,user_0185,2024-09-23T11:01:00,click,/signup,google,cpc,Brand-Awareness,1.04
0f25477d-a559-40e7-8910-fade52380bf2,user_0185,2024-08-22T16:49:00,page_view,/,,,Hire-Intl,0.0
a6fd0cb1-16e6-45c0-84cb-294fe86e8e63,user_0185,2024-09-29T00:33:00,page_view,/signup,google,cpc,Hire-Intl,2.7
bd1a8f4b-88ff-4d40-bb72-c86d92fa675f,user_0185,2024-09-15T00:46:00,page_view,/checkout,google,cpc,Retention,2.09
098c60b3-efc9-409e-99af-6e09b91e3d6e,user_0186,2024-10-11T03:11:00,conversion,/checkout,,,Hire-Intl,0.0
6afa828c-2cd1-4b9f-abe5-841fe9c96c52,user_0186,2024-09-24T03:48:00,page_view,/,,,Brand-Awareness,0.0
ef158d5b-2d00-4d05-966d-4627e1dace6a,user_0186,2024-10-16T11:45:00,click,/,google,cpc,Retention,1.48
d61169a1-ff46-46bf-894d-916deb6d2fed,user_0187,2024-09-17T19:47:00,conversion,/checkout,google,cpc,Hire-Intl,1.66
2fb21e66-7ed1-4aab-89b7-c9bc65a16fa9,user_0187,2024-09-06T13:12:00,click,/checkout,,,Brand-Awareness,0.0
df4e713e-f64e-4dfc-bfbe-ac7aefc59738,user_0187,2024-08-19T21:31:00,page_view,/,email,email,Hire-Intl,0.0
0997623a-e072-4d96-8a1a-81f5ed10f004,user_0187,2024-09-13T22:37:00,click,/pricing,,,Hire-Intl,0.0
9a4ffc0c-9165-42ed-8c63-6e95025f5543,user_0187,2024-08-31T10:12:00,conversion,/,email,email,Hire-Intl,0.0
55c551fc-fba5-4cc8-adaf-37661b780ede,user_0187,2024-10-04T15:17:00,click,/signup,,,Brand-Awareness,0.0
a42d0cd7-fd35-4f6a-b450-388748d90846,user_0187,2024-09-10T15:42:00,page_view,/checkout,email,email,Brand-Awareness,0.0
e3a68a70-7e71-4b55-8639-bd418b15bd94,user_0188,2024-08-14T08:31:00,page_view,/pricing,linkedin,cpc,Hire-Intl,0.3
811414f8-d9df-4d0e-a25a-ed6cf0458043,user_0188,2024-08-10T02:31:00,conversion,/checkout,email,email,Brand-Awareness,0.0
cf0e6d2b-315c-467a-85d8-a6ad77d0359e,user_0188,2024-08-16T09:39:00,click,/checkout,email,email,Retention,0.0
bb2aa146-2999-494c-94a7-b69b1cd66b09,user_0188,2024-09-18T15:31:00,page_view,/,email,email,Hire-Intl,0.0
b7f60cdf-41dc-4c60-a5f6-0735757b6b29,user_0188,2024-10-02T03:24:00,click,/checkout,linkedin,cpc,Retention,0.11
564cfbd2-bc92-4d81-839b-058c2faabe0b,user_0188,2024-08-18T17:42:00,page_view,/pricing,,,Retention,0.0
aca58d95-915a-4c30-8b86-b5a1ca6fbff8,user_0188,2024-08-26T22:24:00,page_view,/checkout,linkedin,cpc,Brand-Awareness,1.66
9c678393-2ced-4c0d-b173-04b5c1dd484a,user_0188,2024-09-10T18:30:00,click,/,linkedin,cpc,Retention,0.79
67ce378f-e5a4-483b-a383-889adb2c6ac8,user_0189,2024-10-22T11:49:00,page_view,/,,,Brand-Awareness,0.0
53f30073-83e9-4ef4-ad7d-f5d0d3b59af7,user_0189,2024-11-01T11:22:00,page_view,/signup,,,Retention,0.0
186b2880-ab54-4a15-a69d-01ff1634725b,user_0189,2024-10-01T11:26:00,page_view,/pricing,linkedin,cpc,Hire-Intl,1.94
7a3a6e96-23ff-43d3-bb4f-b88a2f4dd219,user_0189,2024-10-16T02:58:00,click,/,email,email,Retention,0.0
01bf9e73-3f80-4385-af92-40b652d78f10,user_0189,2024-10-13T10:02:00,click,/checkout,linkedin,cpc,Retention,0.06
725d4259-3c4b-4eec-a231-ee7342c2d2eb,user_0189,2024-10-09T18:01:00,page_view,/checkout,,,Retention,0.0
546252e7-f43b-4052-8459-bd6ec0f63229,user_0189,2024-10-30T15:06:00,page_view,/checkout,email,email,Brand-Awareness,0.0
92a81713-b90e-444b-951c-25d54d4c5280,user_0190,2024-09-19T09:23:00,page_view,/,,,Brand-Awareness,0.0
5c0b9b10-a757-4b10-82f5-25b902ed73ce,user_0190,2024-08-27T01:19:00,page_view,/pricing,,,Brand-Awareness,0.0
aaf407f7-0fe7-4149-bc7e-5368b1594847,user_0190,2024-08-16T22:54:00,page_view,/signup,email,email,Hire-Intl,0.0
28e333b6-4e8a-4c4b-b724-20411e43fbd2,user_0190,2024-09-13T15:27:00,click,/signup,google,cpc,Brand-Awareness,2.41
ec50ace4-80a5-4e65-afa2-855967c96204,user_0190,2024-09-07T21:34:00,page_view,/signup,google,cpc,Brand-Awareness,1.55
c5144d98-b41c-404f-a346-f415e5267a2b,user_0190,2024-09-22T17:11:00,page_view,/pricing,,,Brand-Awareness,0.0
a38295d3-1e0e-4546-b0b6-dedf4f9c4027,user_0191,2024-10-16T20:34:00,click,/checkout,,,Brand-Awareness,0.0
5e175b66-4b87-459f-b0cd-7f05ea87855e,user_0191,2024-08-21T16:12:00,page_view,/pricing,linkedin,cpc,Brand-Awareness,2.06
f5159494-3818-4fd3-b889-936a9d5817e8,user_0191,2024-09-06T13:26:00,click,/,google,cpc,Brand-Awareness,0.61
74797b61-2737-4b52-ba6a-210722319050,user_0191,2024-09-13T08:52:00,page_view,/pricing,google,cpc,Retention,0.72
5fa5e0aa-9b11-4530-bd24-7c11bf6b8cdf,user_0191,2024-08-27T06:01:00,click,/checkout,google,cpc,Retention,1.68
e9ad0e9b-8c9a-41e9-b3b2-63376a74dbb7,user_0191,2024-09-14T13:41:00,page_view,/signup,,,Hire-Intl,0.0
cd4f8b2b-899a-4252-81e1-b94a78883058,user_0191,2024-10-07T08:42:00,page_view,/,email,email,Brand-Awareness,0.0
c3093b6e-37e9-42e2-935a-c07aaa0217d0,user_0191,2024-08-19T01:55:00,page_view,/signup,,,Hire-Intl,0.0
98874bfe-c136-4c65-ae2a-e3413f59e4f2,user_0192,2024-10-20T21:42:00,page_view,/pricing,,,Hire-Intl,0.0
86879aa9-14f5-43d0-8991-2032df85c777,user_0192,2024-11-13T16:59:00,page_view,/signup,google,cpc,Retention,2.65
5c9deee0-b42a-4456-8736-5a84725e134d,user_0192,2024-10-12T19:07:00,page_view,/checkout,,,Brand-Awareness,0.0
1cb9b73a-906d-4c8c-aad0-8c8913fe8a29,user_0192,2024-11-25T13:13:00,page_view,/signup,google,cpc,Retention,1.23
e723ada3-8c32-4db2-942a-895e0fcf601f,user_0192,2024-11-21T18:03:00,page_view,/,linkedin,cpc,Retention,1.64
89628f6e-929c-43b3-b3c0-8bf18167999f,user_0192,2024-10-27T21:15:00,click,/pricing,,,Retention,0.0
dabf984e-53ff-4461-aa1f-1b61265cb9d9,user_0192,2024-10-20T09:01:00,click,/,email,email,Brand-Awareness,0.0
ae27d432-1dc1-47eb-b11c-767385351a69,user_0193,2024-11-11T21:15:00,page_view,/signup,google,cpc,Brand-Awareness,0.37
7d23d479-9549-4a82-b787-ef8d3495311e,user_0194,2024-10-22T12:00:00,page_view,/signup,,,Retention,0.0
720b274b-82a7-4586-a61d-9cde1747f387,user_0194,2024-11-15T07:19:00,click,/checkout,google,cpc,Brand-Awareness,0.95
21c71aa3-7414-43b5-8e3e-25f2cf0671c7,user_0194,2024-11-14T20:26:00,page_view,/,,,Retention,0.0
905c7bdd-74f0-4eae-aa59-43ce836435e3,user_0194,2024-10-20T10:45:00,click,/,linkedin,cpc,Hire-Intl,2.1
ac3a812f-765e-4cb5-8f0d-55400ec7d662,user_0195,2024-09-18T19:46:00,click,/checkout,,,Brand-Awareness,0.0
0592bfa5-b928-423f-8ee4-334ece920136,user_0195,2024-08-26T20:41:00,page_view,/pricing,google,cpc,Hire-Intl,1.2
00c59f30-d103-4424-8124-1bb4655ce508,user_0196,2024-09-26T02:07:00,page_view,/pricing,google,cpc,Brand-Awareness,2.06
12b2102d-940c-4503-b7c8-6152beed0af9,user_0196,2024-10-10T10:28:00,click,/signup,linkedin,cpc,Hire-Intl,2.06
b34c6c73-5833-4b30-ac77-6e950b981ccd,user_0196,2024-10-12T10:51:00,page_view,/signup,google,cpc,Hire-Intl,1.18
0f6ce9bf-fe7e-4362-8a89-b0f0105291d3,user_0196,2024-09-14T18:14:00,page_view,/pricing,google,cpc,Hire-Intl,2.92
fc737d92-11ab-4d11-a4eb-8000ef40d162,user_0196,2024-09-02T08:44:00,page_view,/checkout,,,Brand-Awareness,0.0
497ec6d1-081f-46dc-b8d9-a88aef0bea4f,user_0197,2024-09-03T18:07:00,page_view,/checkout,google,cpc,Brand-Awareness,1.48
22ab7752-c4db-4a62-ae13-418d68ab80ea,user_0197,2024-09-07T22:13:00,click,/signup,google,cpc,Retention,2.24
bab2b77d-fa74-4cc8-a43a-fb7ac40d4874,user_0198,2024-09-05T06:38:00,click,/pricing,google,cpc,Retention,0.54
5fdcabbf-6b9c-471c-b6ba-745ba55871e3,user_0198,2024-09-28T04:01:00,page_view,/checkout,google,cpc,Hire-Intl,1.11
72d35458-61ea-4f30-a42e-707afe2bd987,user_0198,2024-09-21T20:29:00,page_view,/signup,google,cpc,Brand-Awareness,1.19
60a399d4-e821-4716-aac8-0da1de9f6f5b,user_0198,2024-08-22T22:24:00,click,/signup,,,Hire-Intl,0.0
f6d22a7b-aec7-4a82-948b-4376602a4e57,user_0198,2024-08-12T01:21:00,page_view,/signup,,,Brand-Awareness,0.0
220b9ea9-8a0f-4508-9fe2-c0a0a96b3c42,user_0198,2024-09-29T19:45:00,page_view,/signup,,,Brand-Awareness,0.0
1e5ebe54-5907-4299-9c3b-bdd8a74e02a9,user_0198,2024-08-28T12:42:00,conversion,/,linkedin,cpc,Brand-Awareness,0.54
649f7d88-8989-45ab-be2b-34d82db0728d,user_0199,2024-10-03T10:56:00,page_view,/checkout,linkedin,cpc,Hire-Intl,0.78
fa8dae42-ba54-4920-a099-d18087623997,user_0199,2024-09-22T01:08:00,conversion,/signup,linkedin,cpc,Brand-Awareness,1.08
c194f97f-00e3-4026-95b6-de85390239d9,user_0199,2024-09-29T09:57:00,page_view,/signup,,,Brand-Awareness,0.0
76876c62-4c61-445e-ba7e-5d9405d1fb63,user_0200,2024-10-07T15:48:00,page_view,/checkout,,,Hire-Intl,0.0
6c93a791-8b60-4511-b816-8aebac6a7c85,user_0200,2024-08-24T07:11:00,page_view,/checkout,google,cpc,Retention,0.35
3acb43a3-d2c7-4ffb-a118-433b882ccd1e,user_0200,2024-10-17T15:02:00,conversion,/checkout,linkedin,cpc,Retention,1.48
27b608dc-589d-4cb0-b5eb-89c23f5cf2f3,user_0201,2024-08-30T02:13:00,page_view,/pricing,,,Brand-Awareness,0.0
e00da49d-effa-4002-b040-413c4690fb15,user_0201,2024-08-25T18:57:00,page_view,/,email,email,Brand-Awareness,0.0
083f64c3-1ce3-42f8-83f7-25feb99b2b5a,user_0201,2024-08-19T13:58:00,click,/,google,cpc,Retention,0.08
9d6b9b62-6b53-4a19-a902-b73fcf39f648,user_0202,2024-09-18T18:59:00,click,/pricing,,,Hire-Intl,0.0
e39836bb-e23d-4faa-afad-49e9c41c147e,user_0202,2024-10-18T22:42:00,page_view,/signup,linkedin,cpc,Brand-Awareness,1.97
1139fa12-34c1-43ea-bd9c-4e6404015ced,user_0203,2024-09-13T19:28:00,click,/pricing,google,cpc,Hire-Intl,2.59
7249f62c-0898-4462-980c-b95c19d45deb,user_0203,2024-09-23T20:18:00,page_view,/,google,cpc,Brand-Awareness,2.86
df495037-b40a-4181-ac09-bdb799086e47,user_0203,2024-08-27T02:25:00,page_view,/checkout,google,cpc,Hire-Intl,0.06
0b531932-bd94-49aa-bea6-e5b20c760d28,user_0203,2024-08-16T05:24:00,page_view,/pricing,,,Hire-Intl,0.0
8a2db2e6-3bfd-48a6-b05f-ddf566fadca0,user_0203,2024-09-23T13:47:00,page_view,/pricing,,,Retention,0.0
c6ac1b04-dd1d-4cd1-811f-6bf5379ef467,user_0203,2024-09-25T11:32:00,page_view,/checkout,google,cpc,Retention,0.81
fe54ee4b-80ff-4173-a3df-ecd70e731dd7,user_0204,2024-09-23T13:51:00,page_view,/checkout,linkedin,cpc,Hire-Intl,0.12
ea98fef8-d0d7-4e37-bbf2-025f4a0d2b73,user_0204,2024-08-27T14:43:00,page_view,/pricing,google,cpc,Retention,1.58
93d563ae-51a3-4c26-937b-f79bbb44badc,user_0204,2024-09-16T16:05:00,page_view,/checkout,google,cpc,Retention,0.45
d18183d1-ac2b-4cfc-85c5-1060991121e7,user_0204,2024-08-14T21:57:00,page_view,/checkout,google,cpc,Retention,1.71
e0527739-4d40-4f1b-bca5-be2952171bf3,user_0204,2024-09-10T02:58:00,page_view,/checkout,google,cpc,Retention,0.28
8570b59f-a903-4e67-bc56-8b5324acb722,user_0204,2024-09-17T23:36:00,page_view,/,,,Brand-Awareness,0.0
46707cd6-4ced-4164-a9df-14e9389641dd,user_0204,2024-09-22T21:29:00,page_view,/checkout,google,cpc,Hire-Intl,0.25
97777f10-f2d2-493f-8e85-140d0f9aeb70,user_0205,2024-09-27T23:29:00,page_view,/signup,,,Retention,0.0
2cd58759-e95d-4761-bc36-dc59e134edfc,user_0205,2024-10-15T05:13:00,click,/signup,google,cpc,Brand-Awareness,0.32
8e4c3ab5-6d5d-4477-adc2-9178a0411612,user_0205,2024-09-24T00:00:00,page_view,/checkout,linkedin,cpc,Retention,2.08
582b91ee-f8e8-435b-8c00-988a7ee1011a,user_0205,2024-10-15T21:47:00,page_view,/signup,email,email,Brand-Awareness,0.0
61935990-abdd-4a8f-a4b0-5c89f10bce9c,user_0205,2024-10-04T21:25:00,page_view,/pricing,,,Hire-Intl,0.0
b2414482-5198-44d8-8643-3603c92a7d7c,user_0206,2024-09-26T00:13:00,page_view,/pricing,linkedin,cpc,Retention,2.53
4cc57e0d-2633-4018-a883-ac6e6a944054,user_0207,2024-08-25T14:09:00,page_view,/pricing,linkedin,cpc,Hire-Intl,2.22
89b5aab0-c121-49db-af12-b150605fb1eb,user_0207,2024-09-03T15:30:00,page_view,/pricing,google,cpc,Hire-Intl,0.88
39b02e2a-d96e-484f-bdb0-174e7938878a,user_0207,2024-09-28T12:03:00,page_view,/checkout,google,cpc,Retention,2.55
24f43c62-b523-40de-9b87-d29c4cfd0fc1,user_0207,2024-09-22T18:38:00,conversion,/,,,Retention,0.0
0ec0713d-ea2c-4a51-b688-d11fce4758be,user_0208,2024-09-29T01:33:00,page_view,/,google,cpc,Retention,2.68
6aa0426d-f7c0-45f7-a9a5-3b4f8ff8869d,user_0208,2024-09-10T15:07:00,click,/signup,linkedin,cpc,Retention,2.09
636f6e5c-2253-4706-87ad-8b268eaa5841,user_0208,2024-08-16T05:18:00,page_view,/checkout,,,Hire-Intl,0.0
548c1d84-340d-4049-8147-65063e2bf9c9,user_0208,2024-09-21T21:21:00,click,/checkout,,,Hire-Intl,0.0
73253aa3-ec17-4298-943d-f5b3a58e83dd,user_0208,2024-09-30T22:24:00,click,/signup,,,Retention,0.0
891f6912-17ab-4863-9efe-ef4fd8ddbbc0,user_0208,2024-10-08T05:39:00,page_view,/,google,cpc,Brand-Awareness,1.45
0d31812e-30c3-4756-9453-f867b97e6224,user_0208,2024-08-26T06:10:00,page_view,/checkout,email,email,Retention,0.0
9adf4709-ac75-4344-a08e-149e44b9e602,user_0208,2024-08-28T17:03:00,page_view,/signup,,,Retention,0.0
12a1fe7d-dfa5-4722-8a1f-c9df9a591974,user_0209,2024-11-16T16:02:00,page_view,/,,,Brand-Awareness,0.0
966be275-c2fe-4954-8dfd-9531302b7831,user_0209,2024-10-27T07:31:00,page_view,/signup,google,cpc,Hire-Intl,2.31
378e6510-8f10-433e-abe4-2e7db96c1163,user_0209,2024-10-27T08:57:00,page_view,/,google,cpc,Brand-Awareness,0.15
e8334da5-de95-4695-b579-c1437ab99428,user_0210,2024-10-20T03:06:00,page_view,/,,,Brand-Awareness,0.0
e8b3d763-f4ff-4f3a-8d9d-baeb553d2625,user_0210,2024-09-27T05:40:00,page_view,/signup,google,cpc,Hire-Intl,2.19
30a5648e-efe9-43d0-b639-08bf03ece8ff,user_0210,2024-11-05T14:48:00,click,/,email,email,Hire-Intl,0.0
bf337a15-1e08-4f20-bdd1-51b0f64ab6ec,user_0210,2024-10-12T04:07:00,page_view,/checkout,,,Hire-Intl,0.0
ea18d32c-7a9a-4ef5-811b-d1c4ffe3f366,user_0210,2024-11-11T15:21:00,page_view,/signup,google,cpc,Retention,2.15
b42a2d93-9aba-4f15-b214-90623e1a963e,user_0210,2024-10-17T11:40:00,page_view,/checkout,email,email,Hire-Intl,0.0
3d44cb2c-ea45-4a41-a589-ada1345af934,user_0210,2024-10-18T13:58:00,page_view,/signup,linkedin,cpc,Hire-Intl,1.33
48769153-c688-43fe-9255-5c758d55119e,user_0210,2024-11-09T00:45:00,click,/,,,Retention,0.0
a6129a1c-889d-4b76-b75c-30b561730c48,user_0211,2024-08-31T12:48:00,click,/pricing,google,cpc,Brand-Awareness,0.17
5c11ab6d-42f5-43f5-8ef4-c34d5bf86f3c,user_0211,2024-10-07T22:51:00,page_view,/signup,email,email,Retention,0.0
774c0afa-7f4d-408c-a1ff-f6c08347f1da,user_0211,2024-10-10T22:35:00,click,/signup,,,Retention,0.0
b8f0188e-fb37-4fae-8d85-63ca193e638d,user_0212,2024-10-30T19:58:00,page_view,/pricing,google,cpc,Brand-Awareness,1.87
51facefa-d6f8-4f7a-82fa-1da878308631,user_0212,2024-11-05T20:28:00,click,/checkout,email,email,Hire-Intl,0.0
501ba851-5ee6-4495-b400-29c3ea11905b,user_0212,2024-10-02T01:34:00,click,/pricing,google,cpc,Brand-Awareness,2.98
dd34aa18-9001-4ed4-8bb4-01e769f753f1,user_0212,2024-10-15T06:05:00,page_view,/signup,email,email,Brand-Awareness,0.0
0426fcc9-255b-40e2-bdc2-b74b38a56b49,user_0212,2024-09-28T17:37:00,click,/signup,google,cpc,Brand-Awareness,1.27
95831d58-ef4c-4119-8da5-d39b42c21797,user_0213,2024-09-19T11:16:00,page_view,/,email,email,Brand-Awareness,0.0
4b91b8cb-6ae6-4582-b852-b3cd9442b5e6,user_0213,2024-10-14T09:36:00,page_view,/pricing,,,Brand-Awareness,0.0
3ae28023-5472-4d2d-b239-9ffb27046f25,user_0214,2024-09-11T09:42:00,click,/pricing,,,Brand-Awareness,0.0
3ee82983-d557-4241-91dd-b9bf613d2de9,user_0214,2024-10-09T07:06:00,page_view,/signup,google,cpc,Retention,0.29
f186e47a-a794-4320-8cf6-e8b87fd238c3,user_0214,2024-10-07T13:53:00,page_view,/checkout,linkedin,cpc,Hire-Intl,1.43
c36b9a0a-41e0-4a89-966a-9ce7af521b94,user_0214,2024-09-20T02:23:00,page_view,/checkout,email,email,Retention,0.0
b93b17fb-f76d-45fd-bd16-45a0d253d966,user_0215,2024-10-12T15:46:00,click,/pricing,,,Brand-Awareness,0.0
75f8e3a8-7d97-4c0f-bd56-09c4a4461663,user_0215,2024-10-13T14:08:00,page_view,/,,,Brand-Awareness,0.0
5a2837b2-cb83-43f2-bb96-f6022b115c36,user_0215,2024-09-28T01:47:00,page_view,/,google,cpc,Brand-Awareness,2.56
8bea75c1-b866-47aa-a3d4-526b2b54ff7a,user_0215,2024-09-05T03:23:00,page_view,/pricing,email,email,Hire-Intl,0.0
e3ad64d4-eab9-4b02-af1d-c1217d024c6d,user_0215,2024-09-21T09:18:00,click,/pricing,linkedin,cpc,Brand-Awareness,1.27
f50d7a37-a44d-4fec-bd85-d7fa8ac97b01,user_0215,2024-10-27T09:56:00,page_view,/checkout,google,cpc,Hire-Intl,0.37
d6cd3155-08a8-4c7f-8621-38ad0f09105c,user_0215,2024-09-20T02:55:00,page_view,/signup,google,cpc,Brand-Awareness,1.36
d1682e09-f1f7-4904-9307-5157d8c128e7,user_0216,2024-10-14T15:53:00,page_view,/pricing,,,Brand-Awareness,0.0
01a25ed1-c3ab-45f1-8c6b-7074ab102c9b,user_0216,2024-11-07T14:42:00,click,/signup,linkedin,cpc,Hire-Intl,2.4
a175a9c3-d7b1-42a9-a332-a50e6992896e,user_0216,2024-11-01T19:26:00,click,/signup,linkedin,cpc,Brand-Awareness,0.14
26a9e100-b509-409b-9166-58ce3b3f3800,user_0216,2024-11-01T14:47:00,page_view,/pricing,google,cpc,Brand-Awareness,0.07
74bd0c93-8177-4661-b7fe-032c02571851,user_0216,2024-10-30T22:19:00,page_view,/,email,email,Hire-Intl,0.0
a3422e50-9e2a-4324-8f79-a8a75f8a14bd,user_0216,2024-10-24T18:48:00,page_view,/pricing,google,cpc,Retention,1.51
e9aa144b-9dd4-4675-af14-5064aab07015,user_0217,2024-09-19T17:11:00,page_view,/pricing,,,Hire-Intl,0.0
0406ff44-7ce4-4679-a8c6-dbc07bb3447b,user_0218,2024-09-26T17:38:00,page_view,/checkout,google,cpc,Hire-Intl,1.02
694d7b00-8d38-4327-883f-13c601b158e9,user_0218,2024-08-17T13:01:00,page_view,/signup,,,Hire-Intl,0.0
b8e19f56-8787-4a21-8448-2a220308aa5e,user_0218,2024-08-12T17:10:00,page_view,/,google,cpc,Hire-Intl,0.92
49646b96-fa3c-4628-8926-21df465568b7,user_0218,2024-09-01T21:10:00,conversion,/pricing,google,cpc,Hire-Intl,2.14
b2a6e468-d02b-4243-8091-3ac10463750e,user_0218,2024-08-25T12:06:00,page_view,/signup,google,cpc,Retention,1.13
f090f5a0-ce61-4199-ae3a-0ba8ac8d6c7d,user_0218,2024-09-27T03:03:00,click,/pricing,google,cpc,Retention,1.53
eb053fc4-1b65-4dab-ade4-6e91e8e6e840,user_0218,2024-09-07T12:07:00,page_view,/checkout,google,cpc,Hire-Intl,1.45
3db02235-261e-4555-863e-1f2a18a806ef,user_0218,2024-09-01T20:14:00,page_view,/,,,Hire-Intl,0.0
409e7a80-86c5-41d6-9ea9-f50831227592,user_0219,2024-09-25T13:28:00,page_view,/pricing,google,cpc,Hire-Intl,1.12
cb80f288-446f-44dd-9abc-a6e5d0b1e3eb,user_0219,2024-08-30T07:34:00,conversion,/checkout,,,Hire-Intl,0.0
f5948a54-5f80-4eeb-943a-9aff659b0105,user_0219,2024-09-18T19:18:00,page_view,/,email,email,Retention,0.0
3e42df5b-90a3-4bbf-b580-e05067f1698c,user_0220,2024-11-05T12:22:00,page_view,/signup,,,Hire-Intl,0.0
4ccb2355-39d1-47ff-b27e-1442fd7fe973,user_0220,2024-10-27T18:04:00,page_view,/,google,cpc,Hire-Intl,2.18
14a34f7f-d90d-419b-93fb-e043af1d5a1a,user_0220,2024-10-10T13:13:00,conversion,/signup,email,email,Brand-Awareness,0.0
a65f7b8a-dbb4-4021-bdde-64afa75b395a,user_0220,2024-11-02T08:48:00,page_view,/signup,,,Retention,0.0
67c0518b-17ef-4621-881c-79d4c27437eb,user_0220,2024-10-31T10:01:00,page_view,/,,,Brand-Awareness,0.0
79db7862-8d7d-4772-a08e-2f5c61177270,user_0221,2024-09-24T13:35:00,click,/checkout,,,Brand-Awareness,0.0
b3eda8f1-026b-4383-a301-ec030e5d8c6a,user_0222,2024-09-05T21:28:00,page_view,/checkout,email,email,Brand-Awareness,0.0
d867888b-7ff6-4824-952a-eaec2bdfcb41,user_0222,2024-09-15T22:00:00,page_view,/pricing,google,cpc,Retention,0.03
54ce26be-c8cc-42c2-a518-a4186f14b3f6,user_0223,2024-10-05T21:58:00,page_view,/signup,,,Brand-Awareness,0.0
f94d8fcb-dba3-496f-ba32-3f6990dbfad6,user_0224,2024-08-26T08:31:00,click,/pricing,,,Hire-Intl,0.0
eb4d8f42-8735-40a2-a511-09611869a217,user_0224,2024-10-15T20:25:00,page_view,/checkout,google,cpc,Hire-Intl,1.66
e6b9d31a-361f-4d90-bad1-fa330ae4ac11,user_0224,2024-10-05T23:36:00,page_view,/pricing,email,email,Hire-Intl,0.0
9118c400-e336-4243-b139-c476de3ce88b,user_0224,2024-10-10T02:08:00,page_view,/pricing,google,cpc,Brand-Awareness,2.19
ec95b3ac-0beb-4c34-8566-7c4879ba630a,user_0224,2024-09-10T06:54:00,conversion,/signup,email,email,Brand-Awareness,0.0
47c68688-ecf3-4053-af36-b8cc13087974,user_0224,2024-09-22T00:27:00,click,/,email,email,Retention,0.0
a879d8f8-9042-4eb7-8b04-0f53e63949d4,user_0224,2024-09-19T08:07:00,page_view,/signup,email,email,Brand-Awareness,0.0
d9b59f84-edc3-41c3-adea-2d2d086c405f,user_0224,2024-10-19T23:14:00,click,/checkout,google,cpc,Retention,0.02
3508507a-f622-4842-8402-2b3c508211a5,user_0225,2024-08-27T18:51:00,click,/checkout,google,cpc,Hire-Intl,2.75
d218c9d6-c093-4fb0-a4e9-bcfd9647ff9f,user_0225,2024-09-03T05:21:00,page_view,/,google,cpc,Hire-Intl,1.44
edcabf94-65f6-4a53-9226-a8b3b674410d,user_0225,2024-10-12T00:37:00,click,/signup,,,Hire-Intl,0.0
905f9096-2996-46e2-8c9d-690713b22cec,user_0225,2024-09-06T10:53:00,page_view,/pricing,google,cpc,Hire-Intl,2.33
d9750f00-d5ab-48ae-9112-fbc03d8f95f4,user_0226,2024-09-24T20:28:00,page_view,/,email,email,Hire-Intl,0.0
8a624cbd-e582-4678-ad52-29dd639fc471,user_0226,2024-11-13T22:04:00,page_view,/checkout,,,Hire-Intl,0.0
bd5ff093-c16f-4bcc-a243-bed754ec3f33,user_0226,2024-10-28T13:04:00,page_view,/,google,cpc,Retention,2.55
b076a7dc-fd0c-4433-8a5e-151b23d3cd4c,user_0226,2024-10-13T03:39:00,page_view,/,,,Retention,0.0
bed63da0-8033-45c2-9413-d64db962c8a7,user_0226,2024-11-07T13:56:00,page_view,/,email,email,Retention,0.0
1901ef87-0dbf-4caf-988a-3f87f96d40f8,user_0226,2024-10-25T06:06:00,page_view,/,google,cpc,Brand-Awareness,2.37
1375ee90-d6b3-41e4-bb6d-ca0d6fe5040b,user_0226,2024-09-30T18:08:00,page_view,/checkout,email,email,Retention,0.0
9d264599-c4dd-4df5-9aec-56a857311609,user_0226,2024-10-16T05:15:00,page_view,/pricing,google,cpc,Retention,1.75
f80b2cea-658e-44a2-9879-cf35f4719986,user_0227,2024-09-26T17:49:00,page_view,/signup,google,cpc,Retention,1.11
a255e1bb-0795-4c1f-938d-6b8cc607b1e9,user_0227,2024-08-20T16:37:00,page_view,/pricing,email,email,Brand-Awareness,0.0
735741e5-fe1a-4ba9-8896-9c5b45f8c28d,user_0227,2024-09-24T01:27:00,conversion,/pricing,google,cpc,Hire-Intl,1.02
8d93e14a-5b16-4158-ba67-470c7d98302f,user_0227,2024-10-01T15:44:00,page_view,/signup,email,email,Brand-Awareness,0.0
2f8c83e5-6e8d-4644-a01b-fbcbf0eebcce,user_0227,2024-09-10T19:19:00,page_view,/checkout,linkedin,cpc,Hire-Intl,1.49
614c721d-a921-4b4c-95fb-e976ae007b7e,user_0227,2024-10-17T00:40:00,page_view,/pricing,google,cpc,Hire-Intl,1.44
4b9dfd58-9e5d-4c7a-85ac-c35415f00cb4,user_0228,2024-11-07T12:13:00,click,/,linkedin,cpc,Retention,0.03
12d15585-b68e-47fa-bf17-5534cc4d5819,user_0228,2024-10-13T00:35:00,page_view,/pricing,google,cpc,Brand-Awareness,1.76
6147adeb-277b-4667-8499-d0a615007170,user_0228,2024-11-08T11:02:00,page_view,/signup,,,Hire-Intl,0.0
277eb0aa-a247-441d-88ad-0899b630794d,user_0228,2024-10-07T23:11:00,page_view,/pricing,google,cpc,Hire-Intl,0.06
5c56d9bc-5111-431d-a3be-441dbd5a0c9e,user_0228,2024-11-13T08:58:00,click,/pricing,google,cpc,Retention,1.96
f165d779-0154-4950-976d-e21f1b46ebdc,user_0228,2024-11-16T03:21:00,page_view,/pricing,,,Retention,0.0
c2e79a98-5c23-4d8d-b1da-35b94eea9db8,user_0229,2024-11-02T19:56:00,click,/,linkedin,cpc,Hire-Intl,2.65
16591c89-21eb-4aa9-9a2b-d69c450f69ee,user_0229,2024-10-08T06:12:00,page_view,/signup,email,email,Brand-Awareness,0.0
8e969227-72e7-4b51-ae54-ac6d2ff8e87e,user_0229,2024-11-09T07:58:00,page_view,/pricing,google,cpc,Brand-Awareness,0.88
1a7167c7-6875-4545-832f-52c48e0370cf,user_0230,2024-09-05T01:40:00,click,/checkout,,,Hire-Intl,0.0
8de1596c-5a9a-406a-96f1-42a206b919aa,user_0230,2024-10-10T15:50:00,page_view,/checkout,email,email,Brand-Awareness,0.0
c8d0f9e5-9919-45ea-98d0-0c2c17d30f32,user_0230,2024-09-13T15:33:00,page_view,/signup,linkedin,cpc,Brand-Awareness,2.08
0328c136-629e-43d8-9d1c-a267530ddda6,user_0231,2024-09-17T18:25:00,click,/,email,email,Hire-Intl,0.0
c777a07f-6346-44ef-a9ef-74e34ab6821c,user_0231,2024-09-12T14:55:00,page_view,/checkout,google,cpc,Retention,1.71
8f3dc97f-e6b0-4a0a-b98f-5dbe15aede0f,user_0231,2024-10-29T11:16:00,page_view,/,email,email,Retention,0.0
3e245fbf-fa69-4cd2-be23-90f3e7bbaefc,user_0231,2024-09-22T07:37:00,page_view,/signup,google,cpc,Retention,1.35
af70de70-2b69-495e-8567-1b58926bffa5,user_0231,2024-09-27T13:23:00,page_view,/checkout,,,Hire-Intl,0.0
44d7df9a-238b-45b7-ab64-777c6177a771,user_0231,2024-09-14T08:41:00,click,/signup,google,cpc,Brand-Awareness,1.54
255bfc1c-7e3d-4ee4-84b6-4ec14d16f049,user_0231,2024-10-11T02:50:00,page_view,/,google,cpc,Hire-Intl,1.08
46a56fe8-6f46-41b1-aace-1aa9103246b3,user_0231,2024-10-04T06:21:00,page_view,/signup,google,cpc,Brand-Awareness,2.45
c85cd714-7bf6-4552-8cbc-90446bcd5ce7,user_0232,2024-09-27T19:08:00,click,/signup,,,Hire-Intl,0.0
f1b88d65-406f-44d6-9c72-aebd13b11e59,user_0232,2024-08-31T11:50:00,click,/,,,Retention,0.0
7eece88d-a002-452a-b88c-ddde3f2086c2,user_0232,2024-09-30T04:55:00,page_view,/pricing,linkedin,cpc,Retention,0.7
75366b9f-320f-42c0-9dde-01889803b22e,user_0232,2024-09-19T17:48:00,click,/signup,linkedin,cpc,Hire-Intl,0.94
01bb819c-4dfe-4117-a2af-711f1b628a9d,user_0232,2024-08-25T13:49:00,page_view,/checkout,,,Retention,0.0
d773f98d-550c-4fe9-a54c-11d9f2e61828,user_0233,2024-09-01T18:55:00,click,/,google,cpc,Retention,2.43
dcb9075e-cdd7-4460-a140-77d39ec4ea48,user_0234,2024-09-05T13:27:00,page_view,/signup,email,email,Retention,0.0
6e3cdd4f-55b1-45e4-b0b2-7304545cd88d,user_0234,2024-09-27T01:59:00,conversion,/signup,google,cpc,Brand-Awareness,1.89
a6aa59e5-dc08-4f29-92d3-3488d0c30018,user_0234,2024-09-29T19:36:00,conversion,/pricing,,,Retention,0.0
4ce953a7-22d9-4db3-982a-2277f966d59f,user_0234,2024-09-15T06:30:00,page_view,/checkout,google,cpc,Brand-Awareness,2.68
b1fead13-f280-4f1d-9a6c-0db952171c88,user_0234,2024-08-27T05:06:00,page_view,/checkout,email,email,Hire-Intl,0.0
2d79a2d1-506e-40c7-baa0-61e9336b00cb,user_0234,2024-08-26T12:18:00,page_view,/,google,cpc,Retention,0.17
51b30182-f7fe-404f-a5f3-0779f6ee5cdb,user_0235,2024-08-31T13:25:00,page_view,/checkout,google,cpc,Retention,2.23
a205e54f-b1e8-409d-bc20-b9f24a9c589e,user_0236,2024-11-21T06:08:00,page_view,/checkout,,,Hire-Intl,0.0
c82f78fd-936c-431c-b7bf-52447db2a7aa,user_0236,2024-11-26T09:37:00,click,/checkout,google,cpc,Retention,0.61
47c1c017-6045-4909-936d-47d73e0f84ce,user_0236,2024-10-06T14:04:00,page_view,/pricing,,,Brand-Awareness,0.0
5d71a898-6497-4593-892e-8c93d105c8d6,user_0236,2024-11-02T15:29:00,page_view,/,linkedin,cpc,Retention,1.94
33261887-9058-41df-ae9b-f3e11d27c09a,user_0236,2024-11-24T14:22:00,click,/signup,,,Retention,0.0
2e0fb5b3-8bae-491e-bf4c-c10f979c30cf,user_0236,2024-11-17T05:26:00,click,/checkout,google,cpc,Retention,1.15
06e3f949-8cd3-4c62-8482-9b71ae84b81c,user_0236,2024-11-08T05:44:00,page_view,/,email,email,Hire-Intl,0.0
f166cdcf-762c-4fbc-ba2a-a7baf3f81c31,user_0237,2024-10-13T20:34:00,click,/pricing,google,cpc,Retention,1.23
cc351e4f-703e-457f-b5ab-8466b5578b00,user_0237,2024-10-05T17:07:00,page_view,/,,,Brand-Awareness,0.0
11b461e9-b15d-472d-94ce-e27c4a94ae9f,user_0237,2024-09-07T13:28:00,page_view,/,google,cpc,Retention,0.08
cb881c32-cbb0-4a8b-9908-a121d1a7ba20,user_0238,2024-09-15T23:25:00,page_view,/,,,Retention,0.0
23a13e20-7fd2-45ee-ac48-436668bd80d7,user_0238,2024-10-22T04:20:00,page_view,/checkout,email,email,Hire-Intl,0.0
40afbf3f-3df5-4967-8d86-70bda2224f96,user_0238,2024-10-06T07:45:00,page_view,/signup,,,Hire-Intl,0.0
6c521d13-b719-4b68-a775-ee42a89e22f2,user_0238,2024-08-26T19:06:00,page_view,/checkout,google,cpc,Hire-Intl,0.23
72f60958-12ef-4101-a082-786fca00ef58,user_0238,2024-10-12T00:43:00,page_view,/pricing,google,cpc,Hire-Intl,2.14
950df1a0-7aaf-4001-9912-316afd9e8e20,user_0238,2024-10-21T21:34:00,page_view,/,google,cpc,Retention,2.07
ec6a37ad-81b1-4db9-88cc-4d49669b29b8,user_0238,2024-09-22T01:38:00,click,/pricing,google,cpc,Hire-Intl,1.12
6b15c11b-b113-450b-9ea0-50c6eb9ed274,user_0238,2024-09-09T06:05:00,page_view,/,google,cpc,Retention,2.46
f7eae66e-ca6c-4f9b-8969-71018b2c550a,user_0239,2024-10-10T03:51:00,page_view,/pricing,,,Hire-Intl,0.0
cff2b1c4-e53f-4644-b39e-4df25c0a1feb,user_0239,2024-08-21T10:20:00,page_view,/pricing,email,email,Brand-Awareness,0.0
ea163354-a35f-49c1-9804-95628972abbd,user_0240,2024-08-22T06:06:00,page_view,/checkout,linkedin,cpc,Brand-Awareness,0.95
3f8c1097-c4da-4c2e-9bff-a27915c1604f,user_0240,2024-09-01T06:29:00,page_view,/signup,google,cpc,Brand-Awareness,1.87
2a9528c3-5ae1-4bad-aa29-60fda85894df,user_0240,2024-08-10T02:56:00,page_view,/checkout,google,cpc,Hire-Intl,2.14
902f3465-0b57-4720-9cd8-758ba5a1c825,user_0240,2024-09-27T18:10:00,page_view,/signup,google,cpc,Brand-Awareness,2.09
a590fd3c-ad6e-4c57-a520-c3d0fbcdbf5e,user_0240,2024-09-20T22:08:00,page_view,/signup,google,cpc,Brand-Awareness,1.45
54e38579-c0af-4193-b780-ef2f664d5922,user_0240,2024-08-29T00:38:00,page_view,/pricing,,,Brand-Awareness,0.0
1b1f2eb1-6e32-45a8-8bd5-cc86f73936e9,user_0240,2024-08-08T07:01:00,click,/signup,email,email,Hire-Intl,0.0
38d5101f-423c-4d9d-993e-478302b34254,user_0241,2024-09-14T01:08:00,page_view,/pricing,linkedin,cpc,Retention,0.61
8ed8a80d-84cf-4e39-bf31-c29f82bbad84,user_0241,2024-09-11T07:59:00,conversion,/checkout,,,Brand-Awareness,0.0
38958939-9342-409f-b00a-c64c949cd8d4,user_0241,2024-09-17T08:20:00,click,/checkout,email,email,Brand-Awareness,0.0
768b4f7e-6421-4e66-9fc6-4cd0721e8b1f,user_0241,2024-10-27T00:14:00,page_view,/pricing,,,Hire-Intl,0.0
b0c07fcc-96ad-44df-adf7-5924c5b8386b,user_0242,2024-11-03T22:46:00,click,/signup,google,cpc,Hire-Intl,1.33
ff69723d-584f-485b-a697-384d801e8690,user_0242,2024-09-21T02:55:00,conversion,/,linkedin,cpc,Brand-Awareness,2.98
4ba17233-1ac3-4f31-bb96-e2d10649bcf6,user_0242,2024-11-20T06:08:00,page_view,/pricing,google,cpc,Hire-Intl,1.52
15fa9483-f633-4c2d-aba9-00e16a7d5d96,user_0242,2024-10-18T23:29:00,click,/pricing,google,cpc,Retention,0.53
baeb286b-f0d0-470f-94d1-3d551db6b844,user_0243,2024-09-07T18:28:00,page_view,/checkout,,,Hire-Intl,0.0
57d337d3-4fd8-4bbb-992c-11072444d301,user_0243,2024-09-12T12:24:00,page_view,/checkout,google,cpc,Hire-Intl,2.46
8567c805-34f5-41c0-88c5-eb2a7490adeb,user_0243,2024-10-09T15:01:00,page_view,/,,,Retention,0.0
18fdd2b9-79e5-49aa-992a-35497ba109d0,user_0243,2024-08-29T17:46:00,page_view,/signup,google,cpc,Retention,0.85
73d39457-b25f-43df-b8d4-9848702ba49f,user_0244,2024-08-26T04:45:00,page_view,/pricing,linkedin,cpc,Hire-Intl,0.04
0b705933-4cde-4b6b-9132-567c51a40d2a,user_0244,2024-09-06T23:46:00,page_view,/checkout,linkedin,cpc,Retention,2.91
05c8234b-1d76-4a66-b5f5-9cb0cf685878,user_0244,2024-08-28T12:31:00,conversion,/,google,cpc,Retention,2.65
1bff3142-a5e1-4b55-97d3-f4ddd963dc72,user_0244,2024-10-02T03:24:00,page_view,/checkout,,,Retention,0.0
ee0f65a8-2a13-4c1f-8cd0-15c1ad5900dd,user_0244,2024-09-22T23:22:00,page_view,/signup,email,email,Brand-Awareness,0.0
84182d35-3e71-4433-bd90-b81afbe0e6b8,user_0244,2024-08-29T13:47:00,page_view,/signup,google,cpc,Brand-Awareness,2.12
54bbbcf8-28fe-4761-8d49-fe3f2ca8f783,user_0244,2024-08-06T22:42:00,page_view,/checkout,email,email,Brand-Awareness,0.0
76492e64-f55d-4e6d-ad26-8b378f5242d3,user_0244,2024-08-20T19:37:00,click,/,,,Hire-Intl,0.0
a137f8e4-67b1-4040-8c39-b9253b5ae288,user_0245,2024-10-10T18:57:00,click,/checkout,google,cpc,Hire-Intl,2.49
a84554c3-a3f6-4c61-afb7-0dab2f383b43,user_0245,2024-09-11T22:19:00,page_view,/checkout,email,email,Brand-Awareness,0.0
bcc57be0-0779-450a-a544-e3136ea05d13,user_0245,2024-09-21T23:55:00,page_view,/signup,google,cpc,Hire-Intl,0.81
7317591a-3283-4aa4-a212-ab7c9d361cb6,user_0245,2024-09-08T23:25:00,page_view,/pricing,email,email,Retention,0.0
0123a348-638a-4df6-adf7-2cd3979aa051,user_0245,2024-08-30T22:26:00,page_view,/checkout,email,email,Hire-Intl,0.0
47419b48-34ae-4abd-b6fc-e0acb4698db3,user_0245,2024-09-06T22:08:00,page_view,/,google,cpc,Retention,1.7
cbc72f1a-cf08-4a54-b429-9924c0986750,user_0245,2024-09-08T05:12:00,page_view,/pricing,google,cpc,Retention,2.95
ccac2fb5-1a0c-4c04-93cd-129110042d82,user_0246,2024-10-08T19:06:00,page_view,/signup,,,Hire-Intl,0.0
5da49cb9-2fdc-4992-8971-8eeadf3a098a,user_0246,2024-09-15T02:21:00,page_view,/checkout,google,cpc,Brand-Awareness,2.28
1d2c2721-7522-4646-b273-75bf5373bf4d,user_0246,2024-08-29T01:17:00,page_view,/,,,Hire-Intl,0.0
7d4ed26e-dcd5-4fae-abb3-16a743299780,user_0246,2024-10-18T00:24:00,conversion,/signup,email,email,Retention,0.0
503b4078-a39c-4ec6-b746-4c02871854c1,user_0246,2024-09-19T19:27:00,page_view,/signup,google,cpc,Retention,2.45
647dc392-9c7e-4575-a37d-dcd698d3148b,user_0246,2024-10-28T11:42:00,page_view,/signup,linkedin,cpc,Retention,2.42
5a1baf0e-5911-46dc-9d3e-503a9645f0e4,user_0246,2024-08-29T14:55:00,click,/pricing,email,email,Hire-Intl,0.0
2c2ac34b-9e0b-4b01-b536-59efd873dad9,user_0247,2024-11-13T07:23:00,page_view,/checkout,linkedin,cpc,Brand-Awareness,1.24
ccf4ffb0-b4bb-473f-ac70-51d1d051267f,user_0247,2024-10-12T00:40:00,click,/,,,Brand-Awareness,0.0
97154633-9d4e-4b71-ab2e-c80e4c255823,user_0247,2024-10-02T23:20:00,page_view,/checkout,email,email,Retention,0.0
502cf0ee-224a-46a6-ac0f-680115b24e1d,user_0247,2024-11-19T02:22:00,click,/checkout,linkedin,cpc,Brand-Awareness,2.57
1df05d18-4e2d-4255-bd13-1a3d1e2c2e7d,user_0247,2024-11-26T03:46:00,page_view,/pricing,linkedin,cpc,Brand-Awareness,2.63
243012da-b185-4eb8-9f90-fc872edc017e,user_0248,2024-09-09T02:19:00,conversion,/checkout,,,Hire-Intl,0.0
98af5cca-6b11-47cb-a372-542482c56b21,user_0249,2024-10-12T17:15:00,page_view,/,google,cpc,Hire-Intl,1.3
6c4c450b-623a-40fc-9326-7d25234b4562,user_0249,2024-10-15T00:10:00,page_view,/checkout,,,Retention,0.0
8991b01a-a2b0-4c4b-bc96-6b552f8d8ded,user_0250,2024-10-12T21:07:00,click,/checkout,email,email,Hire-Intl,0.0
ee4205ee-a52f-43ec-ab4e-2281b184d1fc,user_0250,2024-10-03T07:59:00,click,/,email,email,Brand-Awareness,0.0
2ab7b2ef-8e0e-4033-ac59-1da8fff96acf,user_0250,2024-11-09T22:47:00,page_view,/checkout,,,Hire-Intl,0.0
2fe5b140-23ea-4956-89f1-137d7d592e19,user_0250,2024-09-19T09:05:00,page_view,/pricing,google,cpc,Brand-Awareness,2.83
9e91a71c-7374-4cbf-978c-57d3508850d3,user_0250,2024-10-18T11:08:00,conversion,/,,,Retention,0.0
f3abea0d-5be9-4db3-9d92-dd7c0db977a9,user_0251,2024-10-18T13:20:00,click,/pricing,,,Brand-Awareness,0.0
31f3f0c0-22f3-4068-bc0f-549d02740f73,user_0251,2024-10-31T07:06:00,page_view,/checkout,linkedin,cpc,Retention,0.43
8fc3d7d3-f6bd-40c7-a24a-2a50d0b1fde0,user_0251,2024-11-23T09:53:00,page_view,/pricing,google,cpc,Brand-Awareness,0.85
68bd075b-7eb6-481e-a72f-947d816462cb,user_0251,2024-11-10T21:54:00,click,/signup,,,Retention,0.0
b5cbe3f5-6a66-4184-bde1-bf5daf4847f0,user_0252,2024-10-11T22:36:00,click,/checkout,linkedin,cpc,Retention,2.11
2ad11fe8-7d1b-495e-b1a0-449dd703262f,user_0252,2024-09-11T01:51:00,click,/pricing,google,cpc,Brand-Awareness,2.8
cbbed980-07e6-4cb0-90bd-e9001529e6f5,user_0253,2024-10-31T01:59:00,page_view,/checkout,,,Brand-Awareness,0.0
085eb489-4ac6-4780-b874-9f3cc2d49b56,user_0253,2024-11-05T21:58:00,conversion,/checkout,,,Retention,0.0
49e64c22-89a0-47eb-b98f-569b465cc2cb,user_0253,2024-10-14T11:48:00,page_view,/signup,linkedin,cpc,Retention,2.09
90ce77e9-7513-43b9-87de-96ea2b0fbe44,user_0253,2024-09-26T22:54:00,page_view,/signup,email,email,Brand-Awareness,0.0
7eccdaf4-c413-4dc2-85c5-ae8abe15ad12,user_0254,2024-11-22T22:19:00,page_view,/pricing,linkedin,cpc,Retention,2.09
929d6377-1cfb-455f-82c4-2e488cbadae5,user_0255,2024-10-06T06:13:00,page_view,/,,,Retention,0.0
8b0901ab-c66d-4eb3-8494-5e091d3ca5a4,user_0255,2024-11-02T03:43:00,click,/checkout,,,Retention,0.0
8ac35ac4-5dea-4737-bdab-3441d2c2a960,user_0255,2024-10-07T01:06:00,page_view,/,linkedin,cpc,Hire-Intl,2.94
c28fa16b-0aa6-4cb9-81bc-be59d296a12d,user_0255,2024-11-07T10:37:00,page_view,/checkout,linkedin,cpc,Hire-Intl,0.1
37f25d36-8bdd-4ee3-b0fd-6672b80f16c5,user_0255,2024-10-12T12:31:00,page_view,/pricing,google,cpc,Brand-Awareness,2.24
bc69c155-1a37-46bd-acd6-f011fd61f13b,user_0256,2024-10-18T20:24:00,page_view,/signup,google,cpc,Hire-Intl,0.36
3f5e3b8c-c058-4da5-a757-075bd47f83b1,user_0256,2024-09-24T03:31:00,click,/pricing,email,email,Hire-Intl,0.0
0840405a-ffd2-4491-9ff3-89aa4c36a70c,user_0257,2024-10-01T23:06:00,page_view,/checkout,,,Brand-Awareness,0.0
dcb91d5f-593c-472b-8347-dbca7321a8b2,user_0257,2024-09-06T18:08:00,page_view,/pricing,google,cpc,Retention,2.44
dd83ad03-7066-4289-9644-84a0d1151fff,user_0257,2024-08-19T12:35:00,click,/checkout,,,Hire-Intl,0.0
cfd7f3b9-c68f-4ba5-9e0d-02b5fe7402cd,user_0257,2024-09-24T17:45:00,page_view,/pricing,,,Brand-Awareness,0.0
bcd4344f-cf8a-468e-b5ba-93573ca87f31,user_0257,2024-08-29T19:44:00,page_view,/signup,google,cpc,Hire-Intl,0.12
dc6dafff-59c2-4153-b06b-0f0c96822e22,user_0257,2024-09-23T06:41:00,page_view,/,google,cpc,Hire-Intl,2.94
6d9c5b50-a1fd-4187-9c3a-1e0bb5f3f8aa,user_0257,2024-09-19T09:23:00,page_view,/,,,Hire-Intl,0.0
c8ebe27a-23a4-470e-9dbc-15c02a7dc57c,user_0257,2024-10-17T16:57:00,page_view,/checkout,,,Hire-Intl,0.0
ce315937-34fa-42b6-9043-7e4c34e50699,user_0258,2024-10-31T11:38:00,page_view,/,email,email,Brand-Awareness,0.0
88438de2-59cf-4b0d-91f0-647d0f321333,user_0258,2024-09-18T01:12:00,click,/pricing,google,cpc,Hire-Intl,1.81
2b1ac76c-89ec-4c51-98cb-aa5247f53019,user_0258,2024-09-16T18:22:00,click,/checkout,google,cpc,Hire-Intl,1.65
4aea1b8f-b43c-4e0a-ba9f-c10e52daf681,user_0258,2024-09-19T12:41:00,page_view,/,,,Retention,0.0
f3d04ffb-4470-4848-929e-cc924a11be44,user_0258,2024-11-02T22:09:00,page_view,/signup,email,email,Brand-Awareness,0.0
e67093a0-fc48-4615-83b0-b35cdba6fdf8,user_0258,2024-09-15T22:23:00,page_view,/pricing,email,email,Retention,0.0
22b5f457-1860-4d28-90af-b235ade68f51,user_0259,2024-10-17T12:01:00,page_view,/signup,,,Hire-Intl,0.0
695e5ea9-c923-4c64-8006-2b5bf67839b2,user_0259,2024-11-02T17:26:00,page_view,/signup,google,cpc,Retention,2.33
46feacd4-fe13-43cd-8f2d-5c15eb346d3a,user_0259,2024-09-29T07:17:00,page_view,/pricing,google,cpc,Retention,2.86
b390b059-207b-4e21-a7e8-d18eddf6d4ac,user_0259,2024-11-09T03:11:00,click,/checkout,email,email,Hire-Intl,0.0
257035db-3fea-490a-a1f8-072dddb7570e,user_0259,2024-11-03T18:55:00,page_view,/,google,cpc,Hire-Intl,0.51
3f5fbf4f-d417-4230-9274-ee11b61df906,user_0259,2024-11-19T12:11:00,click,/checkout,google,cpc,Retention,1.78
64880945-ad1d-4537-97f3-4368c2efeecb,user_0260,2024-09-13T16:45:00,page_view,/checkout,google,cpc,Brand-Awareness,2.21
a1e518a2-93d2-48d4-a465-5c397d4d2add,user_0260,2024-08-04T23:40:00,click,/pricing,,,Brand-Awareness,0.0
600b4b35-6a0a-47d5-a0b8-575544caa5a2,user_0260,2024-09-15T14:11:00,page_view,/checkout,linkedin,cpc,Brand-Awareness,0.86
cb6ad0c7-a235-4dd4-9355-08d073b5bad5,user_0260,2024-09-30T13:33:00,click,/pricing,,,Retention,0.0
67213a70-17d5-4f59-84d5-98f7e14fe093,user_0260,2024-08-06T09:26:00,click,/,,,Hire-Intl,0.0
b1d81887-4739-4c7b-bff3-0c8d83ff3e96,user_0261,2024-09-16T01:05:00,page_view,/checkout,,,Hire-Intl,0.0
7466ef02-5e7b-42c8-a097-dedbefb3b939,user_0261,2024-09-07T21:32:00,page_view,/checkout,,,Brand-Awareness,0.0
94fb09f0-53c9-4ae7-bcf0-7bb3f343d9eb,user_0262,2024-08-26T19:12:00,click,/checkout,,,Brand-Awareness,0.0
d8dff535-c62d-4aea-9e70-bd3000a21367,user_0262,2024-09-17T07:47:00,click,/,email,email,Brand-Awareness,0.0
f8ded777-bb1e-4ae8-97d8-21b8bb93cd40,user_0263,2024-11-11T16:57:00,page_view,/pricing,google,cpc,Brand-Awareness,1.06
b28187c4-aa05-4442-a284-e8fd755cee2a,user_0263,2024-09-16T13:31:00,page_view,/,linkedin,cpc,Retention,2.74
cbb18c79-1036-408d-99a0-90075bb47c18,user_0263,2024-09-28T17:54:00,page_view,/signup,,,Retention,0.0
f7d7465d-37c3-43c9-a5d0-b51788d00abd,user_0264,2024-09-17T20:36:00,click,/,linkedin,cpc,Retention,2.68
7ea5a387-363b-45cb-9329-37246dfd171a,user_0264,2024-09-24T15:03:00,page_view,/signup,linkedin,cpc,Retention,1.06
48998e5f-d40e-43ce-92a7-4a4144bed486,user_0264,2024-08-01T11:56:00,page_view,/,,,Hire-Intl,0.0
216e9fe5-93f3-4596-8c1c-8b0556771f36,user_0264,2024-08-13T02:33:00,page_view,/,email,email,Retention,0.0
c9ce44bd-7c3f-4add-9a38-5db590eeb067,user_0265,2024-09-14T12:23:00,page_view,/pricing,google,cpc,Brand-Awareness,2.43
c3231466-aebb-490e-a4e7-51de57ff51d9,user_0265,2024-08-21T14:42:00,page_view,/signup,,,Brand-Awareness,0.0
a04d4d14-197d-4ae1-8bc2-ea720c648ca2,user_0265,2024-09-06T22:12:00,page_view,/pricing,google,cpc,Retention,1.26
042b03ca-75a7-4686-9632-1d31c8acffcf,user_0265,2024-09-05T01:10:00,click,/signup,email,email,Hire-Intl,0.0
28719b9b-db8f-4e32-adef-50031fce01e3,user_0265,2024-09-19T15:51:00,page_view,/checkout,email,email,Brand-Awareness,0.0
fde91c42-002c-4c22-b4de-5f7070f81dba,user_0266,2024-08-16T03:50:00,page_view,/,google,cpc,Brand-Awareness,0.71
fee5ce69-33cb-402e-ad84-414df54191ea,user_0266,2024-09-21T10:27:00,click,/checkout,,,Retention,0.0
e1d46f82-21c5-4e41-a8ce-e951b0478ea4,user_0266,2024-09-09T02:48:00,page_view,/pricing,linkedin,cpc,Hire-Intl,0.84
dfda35b2-28b2-4f21-8d47-0ed6a6663769,user_0266,2024-08-16T08:44:00,click,/pricing,google,cpc,Retention,2.12
17e52113-4626-43be-a068-8849eec71a30,user_0266,2024-09-29T03:44:00,page_view,/pricing,,,Brand-Awareness,0.0
1519830c-4019-4303-9c45-7e4da79313b8,user_0266,2024-08-18T07:07:00,page_view,/pricing,google,cpc,Hire-Intl,1.28
a61f0b96-e75f-445a-aa1d-3fc65f31273d,user_0266,2024-09-17T06:05:00,page_view,/signup,,,Brand-Awareness,0.0
a0279a18-6576-4410-8d41-ee472a5fda18,user_0267,2024-09-05T13:30:00,page_view,/,google,cpc,Retention,0.33
c156e501-b30e-46e8-b9da-5f8c4e35da80,user_0267,2024-09-07T08:22:00,page_view,/,,,Hire-Intl,0.0
1758d47e-a7cd-4143-ade2-14293bf0d9c1,user_0267,2024-08-18T21:47:00,page_view,/signup,google,cpc,Brand-Awareness,0.3
36a2c52b-0047-4139-985d-f528b4258e19,user_0267,2024-08-26T08:31:00,page_view,/,linkedin,cpc,Brand-Awareness,0.04
97fb613a-21f8-4d06-93f3-cade7a10013f,user_0268,2024-09-14T23:51:00,click,/signup,linkedin,cpc,Hire-Intl,1.95
71efe72a-ae13-491e-84fa-4c7239e7a4f1,user_0268,2024-09-04T18:24:00,page_view,/,google,cpc,Hire-Intl,1.76
57f479b5-b212-46ee-8210-63710260a123,user_0268,2024-10-19T20:52:00,click,/,google,cpc,Hire-Intl,2.83
dc3f42e0-fcf7-4842-9edf-3bfad12e0eb5,user_0269,2024-10-05T15:48:00,click,/,google,cpc,Hire-Intl,0.58
7a4a902f-21d6-4b0f-b1ac-040d6c1cc405,user_0269,2024-09-24T22:16:00,click,/signup,,,Retention,0.0
16de66c9-6210-4ef6-ba9c-43081221cddf,user_0269,2024-10-04T03:58:00,page_view,/,linkedin,cpc,Hire-Intl,1.8
1a6b6a7d-1a38-4ad6-8e53-2ffdbb134f02,user_0269,2024-10-03T04:18:00,page_view,/pricing,google,cpc,Brand-Awareness,2.44
4c9bff5c-e188-4eaf-9e18-85c35037cd6b,user_0269,2024-09-20T21:34:00,conversion,/pricing,,,Retention,0.0
d038e153-c601-418b-a1fa-01ba231ae7c7,user_0269,2024-09-13T17:49:00,page_view,/pricing,linkedin,cpc,Hire-Intl,0.01
a43e558c-2215-4f00-9fdf-0e05c0cef31b,user_0270,2024-10-21T00:56:00,page_view,/signup,,,Retention,0.0
11836c4f-2492-44c7-ad58-db1bfe31537a,user_0270,2024-09-25T22:17:00,page_view,/,email,email,Brand-Awareness,0.0
9c3de1b0-022b-4683-9033-da6587cf63fd,user_0270,2024-09-09T20:09:00,page_view,/pricing,,,Retention,0.0
59e7703a-70aa-4b0d-aa03-8ad4a667b982,user_0270,2024-09-10T20:15:00,page_view,/,,,Hire-Intl,0.0
bf8e8bfa-a0c9-4a72-b68a-cd40b8f14e3c,user_0271,2024-08-26T22:56:00,click,/checkout,email,email,Brand-Awareness,0.0
9db7284b-6965-41d1-ab7e-2e6426c0747e,user_0271,2024-08-24T20:52:00,page_view,/signup,google,cpc,Hire-Intl,0.77
379d58f9-dc26-4108-b140-11a1afc2ccfc,user_0271,2024-08-22T17:42:00,click,/,,,Brand-Awareness,0.0
23d7e6a1-19b8-44fc-a587-1d8916312fc6,user_0271,2024-09-14T20:16:00,page_view,/pricing,,,Retention,0.0
bae1e137-96ee-40e5-9f87-3b46c0a0473a,user_0271,2024-09-07T06:37:00,click,/checkout,email,email,Hire-Intl,0.0
6dec6bbd-f697-47a1-99fe-3d53624fea4b,user_0271,2024-10-06T23:27:00,click,/,linkedin,cpc,Retention,0.54
3f6eed9d-23cb-4943-8a84-000350834fef,user_0272,2024-11-16T05:12:00,click,/pricing,email,email,Brand-Awareness,0.0
3f87dfc2-1591-42f2-a505-da9c46e75a2c,user_0272,2024-10-11T05:56:00,page_view,/pricing,google,cpc,Hire-Intl,0.43
b89f3a92-999a-4d86-99db-13028dab66d3,user_0272,2024-10-19T07:29:00,conversion,/,,,Brand-Awareness,0.0
f0f7ad22-c76a-4e0f-88f0-91f09b8b38ae,user_0273,2024-09-14T12:24:00,click,/,google,cpc,Hire-Intl,0.75
d8d994b8-d90f-44e9-86dd-f6cab0c30a59,user_0274,2024-08-27T20:38:00,conversion,/,google,cpc,Brand-Awareness,2.21
34981735-4d38-4415-a036-35fca88d4108,user_0274,2024-09-08T22:05:00,page_view,/checkout,google,cpc,Hire-Intl,0.92
304b2370-8270-4238-9b5f-8f39848b34f0,user_0275,2024-08-25T01:34:00,page_view,/,email,email,Hire-Intl,0.0
a56b61e0-4ba8-44ca-a449-cb6fbf72ae52,user_0275,2024-08-16T17:18:00,click,/checkout,google,cpc,Hire-Intl,0.0
cb35097a-e5dd-48f1-88a7-38ab0df83e12,user_0275,2024-08-24T00:14:00,page_view,/signup,linkedin,cpc,Hire-Intl,2.77
62c965b2-7eb0-462a-bd45-74ebf4655a21,user_0275,2024-09-22T12:43:00,click,/,,,Retention,0.0
a3595d1f-7fe4-442e-bdb7-88a61cdcc4c2,user_0275,2024-08-17T07:06:00,page_view,/,,,Brand-Awareness,0.0
e3837348-873d-48bd-922d-d7be980bc81e,user_0275,2024-09-02T02:57:00,page_view,/checkout,google,cpc,Brand-Awareness,1.0
5c70ee97-fca4-4567-8316-d2d6fa4a58ef,user_0275,2024-08-21T21:27:00,page_view,/signup,google,cpc,Brand-Awareness,2.45
6307d4d1-21c9-415d-9104-5a16ef15ab72,user_0275,2024-09-01T03:17:00,page_view,/signup,,,Brand-Awareness,0.0
6bbdb66f-9181-4091-96c6-f45cdc5e4e78,user_0276,2024-11-23T04:49:00,page_view,/checkout,email,email,Retention,0.0
2c3aacdc-aed5-4a46-8bde-005b5d8babd7,user_0277,2024-09-26T03:36:00,click,/pricing,linkedin,cpc,Hire-Intl,0.97
fcc4091b-f457-47c6-b894-6a15c34201db,user_0277,2024-09-30T05:49:00,page_view,/checkout,linkedin,cpc,Retention,2.08
965d744f-0445-41a8-92af-97e4c536c66e,user_0277,2024-10-18T19:50:00,page_view,/pricing,email,email,Retention,0.0
373aedf8-431e-430f-8387-f74d1149d096,user_0277,2024-10-23T17:34:00,page_view,/pricing,linkedin,cpc,Retention,0.25
f2dcb12b-0f7a-4302-ac2e-28150a3217d2,user_0277,2024-11-06T13:33:00,page_view,/pricing,email,email,Brand-Awareness,0.0
495743a2-81b1-4b80-a5e1-b0f5ca0ee8c4,user_0277,2024-10-15T00:13:00,page_view,/checkout,,,Hire-Intl,0.0
c4615234-8044-4eb2-b66e-dbf4a0ea0251,user_0277,2024-09-25T11:23:00,click,/pricing,,,Retention,0.0
66fba71d-b3a9-4caa-ac6f-6d2e6a59c043,user_0277,2024-11-14T17:59:00,page_view,/pricing,,,Hire-Intl,0.0
89a3c811-895c-4fde-a3fa-40691519fd38,user_0278,2024-10-29T04:24:00,page_view,/checkout,,,Retention,0.0
15669e36-4708-403b-a716-10c19db54283,user_0278,2024-09-20T21:37:00,click,/pricing,google,cpc,Hire-Intl,0.44
ebc1bb52-82e4-4d4a-943a-c1c54f560ed5,user_0279,2024-08-21T02:00:00,click,/pricing,email,email,Hire-Intl,0.0
27c6cbb1-cedd-469d-b96c-9a0a3404c02a,user_0279,2024-08-14T23:33:00,page_view,/checkout,email,email,Brand-Awareness,0.0
9620bee6-6406-4ace-93a5-e8508950ddd6,user_0279,2024-09-25T20:44:00,page_view,/,google,cpc,Brand-Awareness,0.1
a65be22b-d5a3-46d9-8362-a810a2611b8d,user_0280,2024-09-12T00:25:00,page_view,/checkout,,,Brand-Awareness,0.0
4f67448e-10ec-4b1f-a4a5-c736ae59aa52,user_0280,2024-09-18T18:32:00,page_view,/pricing,google,cpc,Retention,2.92
f413db19-bade-4d5d-afff-15ccb2dc6c34,user_0280,2024-10-05T12:08:00,page_view,/,,,Hire-Intl,0.0
3e9639ba-0ed2-4c9d-bd17-5712d8b22277,user_0281,2024-11-05T14:30:00,page_view,/checkout,google,cpc,Hire-Intl,0.16
1db14bfc-6f3a-4115-acb4-678c16120aa6,user_0281,2024-10-15T20:27:00,page_view,/,google,cpc,Retention,1.81
0e165b12-9bdc-40d1-9cbf-7b8c74102d5d,user_0282,2024-08-17T09:10:00,page_view,/,email,email,Retention,0.0
a8761e85-bddf-403a-aa84-30f84f2da233,user_0282,2024-08-14T20:59:00,page_view,/,google,cpc,Brand-Awareness,2.96
033e02f7-1e93-4127-acf7-2140bd9bc648,user_0282,2024-09-01T01:03:00,click,/,google,cpc,Retention,2.26
02e7df89-b395-4a98-a320-4ff5b538f96c,user_0282,2024-08-27T16:12:00,page_view,/signup,google,cpc,Hire-Intl,2.11
58c1aad6-f3f8-4ea4-bf14-eafa29f0ef7c,user_0282,2024-08-08T10:26:00,page_view,/pricing,,,Hire-Intl,0.0
d28fcf68-c871-47b3-8468-b74d85e3ade5,user_0282,2024-08-26T15:37:00,page_view,/pricing,,,Hire-Intl,0.0
5f32d5d8-2abe-4585-825e-0259b88416d2,user_0283,2024-11-05T02:45:00,page_view,/pricing,google,cpc,Brand-Awareness,0.48
df9b141e-c7f7-4da1-bff1-5840207e863f,user_0283,2024-10-28T16:46:00,page_view,/signup,email,email,Retention,0.0
1e38f711-e2ec-43f4-bba1-aed944cdbfdd,user_0284,2024-09-11T19:54:00,page_view,/checkout,,,Hire-Intl,0.0
55c34853-0783-443c-a65f-ad87c57c7498,user_0284,2024-09-27T19:04:00,page_view,/checkout,,,Hire-Intl,0.0
861b4f5b-45a0-4539-ade8-370ace9e9ebd,user_0284,2024-08-28T09:35:00,click,/,,,Retention,0.0
f99cea5c-b65a-40f1-8350-ab061059ea28,user_0284,2024-09-08T05:59:00,page_view,/signup,google,cpc,Retention,0.27
7f0386fa-13ba-4c91-a0a5-fde6939f71a2,user_0284,2024-08-30T22:49:00,conversion,/signup,linkedin,cpc,Retention,1.95
0e3141ec-5c31-4464-82c2-99f07487d772,user_0284,2024-08-27T03:36:00,page_view,/signup,linkedin,cpc,Retention,1.23
2ab8bd33-911f-430b-9bff-00b07fe670f3,user_0285,2024-09-21T16:54:00,page_view,/,email,email,Brand-Awareness,0.0
c5f8e2f8-414f-4994-a845-77805e20c957,user_0285,2024-09-26T08:56:00,page_view,/,,,Brand-Awareness,0.0
ac93281a-92eb-4ab0-a4ee-c67c1a57f9e4,user_0285,2024-10-12T17:00:00,page_view,/checkout,google,cpc,Hire-Intl,1.71
bda3c162-3a78-464a-9d86-80cbb90800f3,user_0286,2024-09-08T14:42:00,page_view,/checkout,google,cpc,Hire-Intl,0.26
dbd30aec-0b46-4173-80a8-547382425912,user_0286,2024-09-30T03:58:00,page_view,/checkout,,,Hire-Intl,0.0
0bc57207-3e9a-4c86-8325-4fbddce8e1c5,user_0287,2024-09-11T19:31:00,click,/,google,cpc,Retention,1.36
eb93f78c-620a-4158-9d2d-904f78c59073,user_0287,2024-09-24T04:30:00,page_view,/,google,cpc,Brand-Awareness,2.32
f5d8fb91-ee60-41ac-add0-622e266bf2ea,user_0288,2024-11-19T11:50:00,page_view,/,linkedin,cpc,Hire-Intl,2.6
cd98f9e2-8d88-4beb-890d-9655db842660,user_0289,2024-09-03T20:11:00,page_view,/checkout,google,cpc,Hire-Intl,0.9
a7dc2bc0-bd9c-4693-b6ca-1127e9f87970,user_0289,2024-10-02T14:55:00,page_view,/signup,linkedin,cpc,Hire-Intl,2.49
3f8e2d0d-5261-4dec-b979-d5f56b5bc975,user_0289,2024-08-23T13:21:00,page_view,/pricing,,,Retention,0.0
51e744e4-b864-4a08-aa75-752d6a8fcacb,user_0289,2024-09-17T15:34:00,page_view,/checkout,email,email,Retention,0.0
92502e59-13f0-4822-9374-8a1145712959,user_0289,2024-09-23T12:52:00,click,/pricing,google,cpc,Hire-Intl,2.17
ac5f12ef-8085-4147-9e91-0f365f705b25,user_0289,2024-09-24T19:09:00,conversion,/signup,google,cpc,Hire-Intl,0.45
3922a7e4-2de9-42f8-8d7b-ec04e6e59b32,user_0289,2024-09-16T04:31:00,page_view,/checkout,,,Retention,0.0
0bc1f9e5-fb3d-4063-8409-c5eacde918b3,user_0290,2024-10-28T04:40:00,conversion,/,linkedin,cpc,Hire-Intl,0.66
e0827f76-11a5-49b4-a6a3-02d6f43e8c48,user_0291,2024-10-10T17:49:00,page_view,/signup,google,cpc,Hire-Intl,2.86
c605e58a-4845-4343-9db4-49dc77106966,user_0291,2024-10-09T18:00:00,page_view,/signup,linkedin,cpc,Retention,1.51
161d5c87-53c9-4e59-8f89-e3b2d847dc53,user_0291,2024-10-21T03:44:00,conversion,/checkout,linkedin,cpc,Retention,1.06
5e717fca-020a-4497-b4ed-51458d9765c7,user_0291,2024-10-19T17:27:00,click,/,email,email,Hire-Intl,0.0
c8d57717-9055-436f-8aa5-f9d3335f2f59,user_0292,2024-09-16T19:10:00,page_view,/checkout,email,email,Brand-Awareness,0.0
3e19fc1d-9f6a-4a65-bd54-da044dcd0009,user_0292,2024-09-20T03:05:00,page_view,/,,,Brand-Awareness,0.0
f8cbab4c-9779-4e84-9e47-2e2276c3e642,user_0292,2024-08-18T15:47:00,click,/,,,Brand-Awareness,0.0
c6a07656-c5c9-4b91-bf6e-f9ed7e4ce29f,user_0292,2024-09-18T01:42:00,page_view,/pricing,google,cpc,Retention,1.65
8beb4e78-e683-43a3-bb82-b7963207343e,user_0292,2024-08-19T06:54:00,page_view,/checkout,linkedin,cpc,Retention,2.72
268b84b6-3ec0-4285-8bc4-ec0ec2aef674,user_0292,2024-09-22T22:50:00,page_view,/signup,,,Hire-Intl,0.0
061efb95-68f8-4063-aeb1-9ad201a1fb0f,user_0293,2024-11-07T08:19:00,click,/checkout,,,Brand-Awareness,0.0
a2cd1590-58af-493c-8aa2-b4c93ba5bd76,user_0293,2024-11-22T13:02:00,page_view,/signup,google,cpc,Brand-Awareness,2.46
0274ce40-e090-46b6-b186-a5a8d6ee526b,user_0293,2024-11-03T10:21:00,page_view,/checkout,google,cpc,Hire-Intl,1.67
c2492e5e-005f-40e6-95c3-b2dbf374190d,user_0293,2024-10-21T06:39:00,click,/checkout,email,email,Hire-Intl,0.0
bcf2fc3b-d958-44c2-a053-8c1ba84510a1,user_0293,2024-10-20T23:11:00,page_view,/pricing,linkedin,cpc,Retention,0.69
34879e41-1a9c-472a-8eb9-047dba2ac3d9,user_0294,2024-09-09T20:36:00,click,/signup,,,Brand-Awareness,0.0
6b790d01-3cf8-4d20-bbad-793f87a1ec02,user_0294,2024-09-22T06:05:00,page_view,/pricing,google,cpc,Hire-Intl,1.85
f8f9a45d-0f55-4896-b610-396b7df59abf,user_0294,2024-10-06T02:36:00,click,/pricing,linkedin,cpc,Retention,1.9
47a2a10b-b62e-4b49-a472-96a4ff38b918,user_0295,2024-08-27T20:57:00,page_view,/pricing,google,cpc,Brand-Awareness,2.34
3b41c943-ebd8-43b1-8b3d-0c3617d09810,user_0295,2024-10-01T12:49:00,page_view,/,google,cpc,Hire-Intl,1.88
69be173a-850e-40ad-9872-f72ee5b4a1ae,user_0295,2024-09-21T18:55:00,page_view,/,google,cpc,Hire-Intl,0.43
755d814b-5f5b-4255-a544-9887b36ab3ed,user_0295,2024-08-28T05:05:00,click,/pricing,google,cpc,Retention,0.3
94ad6252-15bc-4a3e-bf76-55d7f97c6c3c,user_0295,2024-10-01T00:26:00,conversion,/,google,cpc,Hire-Intl,2.06
a3209116-222d-46a4-8163-b6ce1877bc06,user_0295,2024-09-05T10:40:00,click,/pricing,,,Retention,0.0
97867b12-1328-4726-a4f4-34d6d1e91691,user_0296,2024-10-18T20:38:00,page_view,/signup,,,Retention,0.0
a995ecc3-6f5b-49a6-8ff1-c51f915cb31b,user_0296,2024-10-21T19:34:00,page_view,/signup,google,cpc,Hire-Intl,0.58
4aab47b2-3c9d-428a-a176-1930f6d70248,user_0296,2024-09-13T17:01:00,click,/pricing,email,email,Retention,0.0
ed1115d7-50a4-4c85-99d5-7b0242d04d55,user_0297,2024-08-22T04:14:00,page_view,/pricing,google,cpc,Retention,0.82
d4f76322-b362-40d2-a498-8bdecd0254db,user_0297,2024-08-14T02:22:00,page_view,/checkout,,,Brand-Awareness,0.0
73e7f042-516c-4b0a-9385-3918bc4015fa,user_0297,2024-08-29T16:25:00,page_view,/pricing,,,Brand-Awareness,0.0
f18cccdc-131e-4723-bbcd-f203459ee674,user_0297,2024-09-16T08:25:00,click,/signup,google,cpc,Hire-Intl,2.38
c5285425-c7a9-433c-a2d8-39d333e4f986,user_0298,2024-10-23T14:27:00,page_view,/signup,email,email,Brand-Awareness,0.0
1b0c62eb-27c8-4c6c-9be5-a4c395af6d0c,user_0298,2024-09-21T13:12:00,page_view,/,email,email,Retention,0.0
50647c59-774f-4354-b316-ce642a147a96,user_0298,2024-08-30T16:16:00,page_view,/signup,email,email,Retention,0.0
5bb8b9c8-8932-49f3-9ee8-9a4c681134e2,user_0298,2024-09-08T10:27:00,page_view,/,,,Hire-Intl,0.0
73b0d676-3527-45c8-8534-ca08f6f24d1c,user_0298,2024-09-20T04:49:00,page_view,/,google,cpc,Brand-Awareness,0.99
da3c45ca-43d7-4f2b-b69d-e1e34eed4124,user_0298,2024-09-26T18:50:00,page_view,/,google,cpc,Retention,0.85
cebeabaa-2859-4b34-9725-d2c71eb2a7b8,user_0298,2024-09-10T16:13:00,page_view,/,google,cpc,Brand-Awareness,2.68
b46788bd-d38e-43e4-8de1-087bafa14a55,user_0298,2024-09-23T21:48:00,click,/pricing,linkedin,cpc,Hire-Intl,0.15
370b9a29-0a53-4df9-9a72-083cb266986c,user_0299,2024-09-03T08:26:00,page_view,/signup,google,cpc,Brand-Awareness,1.15
25f88c74-53ea-4919-9b48-62c2d5ff2a1f,user_0299,2024-10-07T00:18:00,click,/,google,cpc,Retention,0.85
f7e9101d-3f8b-4433-b60e-695c1759ba96,user_0299,2024-10-24T12:02:00,click,/,,,Retention,0.0
0c880714-8372-47e0-a570-46ea5b11f51f,user_0299,2024-09-05T15:06:00,page_view,/signup,,,Retention,0.0
d1f16485-429a-4a7c-8c80-d33aad5be3c8,user_0299,2024-09-23T12:05:00,page_view,/,email,email,Retention,0.0
f3bc9a71-07f4-4ee5-ac82-989ffd9cfbb0,user_0299,2024-09-30T15:54:00,click,/signup,email,email,Brand-Awareness,0.0
8e52fc42-73c3-44a6-9ac7-26b667863fb3,user_0299,2024-09-15T01:52:00,page_view,/signup,google,cpc,Brand-Awareness,2.17
183fea70-3ff6-479e-8cd4-b90abf8211bc,user_0299,2024-09-15T05:05:00,click,/signup,google,cpc,Brand-Awareness,2.97
cb371d97-cdcc-4d6a-9a16-998c7648776e,user_0300,2024-10-12T01:07:00,page_view,/signup,google,cpc,Retention,2.06
